Date,OILPRODUS,GDPUS,IPUS,RPRCUS,CPIUS,PPIUS,RGFCFUS,CAUS,Y10YDUS
1940-01-01,,,8.521,,,,,,
1940-02-01,,,8.252,,,,,,
1940-03-01,,,8.064,,,,,,
1940-04-01,,,8.226,,,,,,
1940-05-01,,,8.467,,,,,,
1940-06-01,,,8.736,,,,,,
1940-07-01,,,8.844,,,,,,
1940-08-01,,,8.898,,,,,,
1940-09-01,,,9.086,,,,,,
1940-10-01,,,9.22,,,,,,
1940-11-01,,,9.435,,,,,,
1940-12-01,,,9.758,,,,,,
1941-01-01,,,10.0,,,,,,
1941-02-01,,,10.295,,,,,,
1941-03-01,,,10.618,,,,,,
1941-04-01,,,10.645,,,,,,
1941-05-01,,,11.129,,,,,,
1941-06-01,,,11.209,,,,,,
1941-07-01,,,11.344,,,,,,
1941-08-01,,,11.478,,,,,,
1941-09-01,,,11.478,,,,,,
1941-10-01,,,11.586,,,,,,
1941-11-01,,,11.639,,,,,,
1941-12-01,,,11.828,,,,,,
1942-01-01,,,12.069,,,,,,
1942-02-01,,,12.285,,,,,,
1942-03-01,,,12.419,,,,,,
1942-04-01,,,12.069,,,,,,
1942-05-01,,,12.096,,,,,,
1942-06-01,,,12.123,,,,,,
1942-07-01,,,12.419,,,,,,
1942-08-01,,,12.795,,,,,,
1942-09-01,,,13.091,,,,,,
1942-10-01,,,13.521,,,,,,
1942-11-01,,,13.844,,,,,,
1942-12-01,,,14.166,,,,,,
1943-01-01,,,14.301,,,,,,
1943-02-01,,,14.677,,,,,,
1943-03-01,,,14.784,,,,,,
1943-04-01,,,14.973,,,,,,
1943-05-01,,,15.08,,,,,,
1943-06-01,,,15.0,,,,,,
1943-07-01,,,15.456,,,,,,
1943-08-01,,,15.779,,,,,,
1943-09-01,,,16.182,,,,,,
1943-10-01,,,16.424,,,,,,
1943-11-01,,,16.639,,,,,,
1943-12-01,,,16.424,,,,,,
1944-01-01,,,16.612,,,,,,
1944-02-01,,,16.747,,,,,,
1944-03-01,,,16.72,,,,,,
1944-04-01,,,16.72,,,,,,
1944-05-01,,,16.612,,,,,,
1944-06-01,,,16.559,,,,,,
1944-07-01,,,16.532,,,,,,
1944-08-01,,,16.747,,,,,,
1944-09-01,,,16.639,,,,,,
1944-10-01,,,16.693,,,,,,
1944-11-01,,,16.559,,,,,,
1944-12-01,,,16.505,,,,,,
1945-01-01,,,16.344,,,,,,
1945-02-01,,,16.29,,,,,,
1945-03-01,,,16.182,,,,,,
1945-04-01,,,15.887,,,,,,
1945-05-01,,,15.456,,,,,,
1945-06-01,,,15.107,,,,,,
1945-07-01,,,14.758,,,,,,
1945-08-01,,,13.225,,,,,,
1945-09-01,,,12.043,,,,,,
1945-10-01,,,11.559,,,,,,
1945-11-01,,,11.989,,,,,,
1945-12-01,,,12.043,,,,,,
1946-01-01,,,11.371,,,,,,
1946-02-01,,,10.806,,,,,,
1946-03-01,,,11.935,,,,,,
1946-04-01,,,11.72,,,,,,
1946-05-01,,,11.29,,,,,,
1946-06-01,,,11.989,,,,,,
1946-07-01,,,12.392,,,,,,
1946-08-01,,,12.849,,,,,,
1946-09-01,,,13.091,,,,,,
1946-10-01,,,13.333,,,,,,
1946-11-01,,,13.413,,,,,,
1946-12-01,,,13.494,,,,,,
1947-01-01,,243164.0,13.655,1351397.0,21.48,,295834.0,9405.0,
1947-02-01,,,13.736,,21.62,,,,
1947-03-01,,,13.817,,22.0,,,,
1947-04-01,,245968.0,13.709,1373880.0,22.0,,294857.0,9873.0,
1947-05-01,,,13.763,,21.95,,,,
1947-06-01,,,13.763,,22.08,,,,
1947-07-01,,249585.0,13.682,1378358.0,22.23,,306883.0,10081.0,
1947-08-01,,,13.763,,22.4,,,,
1947-09-01,,,13.87,,22.84,,,,
1947-10-01,,259745.0,14.005,1378796.0,22.91,,330900.0,7797.0,
1947-11-01,,,14.193,,23.06,,,,
1947-12-01,,,14.247,,23.41,,,,
1948-01-01,,265742.0,14.327,1385667.0,23.68,,342296.0,4916.0,
1948-02-01,,,14.354,,23.67,,,,
1948-03-01,,,14.193,,23.5,,,,
1948-04-01,,272567.0,14.22,1401789.0,23.82,,346248.0,3024.0,
1948-05-01,,,14.462,,24.01,,,,
1948-06-01,,,14.65,,24.15,,,,
1948-07-01,,279196.0,14.65,1403859.0,24.4,,346751.0,932.0,
1948-08-01,,,14.596,,24.43,,,,
1948-09-01,,,14.489,,24.36,,,,
1948-10-01,,280366.0,14.596,1415063.0,24.31,,345476.0,796.0,
1948-11-01,,,14.408,,24.16,,,,
1948-12-01,,,14.274,,24.05,,,,
1949-01-01,,275034.0,14.139,1417353.0,24.01,,327518.0,2192.0,
1949-02-01,,,14.005,,23.91,,,,
1949-03-01,,,13.736,,23.91,,,,
1949-04-01,,271351.0,13.655,1439077.0,23.92,,320283.0,1708.0,
1949-05-01,,,13.467,,23.91,,,,
1949-06-01,,,13.44,,23.92,,,,
1949-07-01,,272889.0,13.413,1442341.0,23.7,,317623.0,648.0,
1949-08-01,,,13.548,,23.7,,,,
1949-09-01,,,13.682,,23.75,,,,
1949-10-01,,270627.0,13.172,1463488.0,23.67,,327780.0,-1032.0,
1949-11-01,,,13.521,,23.7,,,,
1949-12-01,,,13.763,,23.61,,,,
1950-01-01,,280828.0,14.005,1487854.0,23.51,,348203.0,-957.0,
1950-02-01,,,14.059,,23.61,,,,
1950-03-01,,,14.516,,23.64,,,,
1950-04-01,,290383.0,15.0,1512357.0,23.65,,383738.0,-1245.0,
1950-05-01,,,15.349,,23.77,,,,
1950-06-01,,,15.806,,23.88,,,,
1950-07-01,,308153.0,16.317,1590019.0,24.07,,413607.0,-2681.0,
1950-08-01,,,16.827,,24.2,,,,
1950-09-01,,,16.72,,24.34,,,,
1950-10-01,,319945.0,16.827,1542087.0,24.5,,405484.0,-2489.0,
1950-11-01,,,16.801,,24.6,,,,
1950-12-01,,,17.096,,24.98,,,,
1951-01-01,,336000.0,17.15,1579375.0,25.38,,389907.0,-1710.0,
1951-02-01,,,17.257,,25.83,,,,
1951-03-01,,,17.338,,25.88,,,,
1951-04-01,,344090.0,17.365,1534744.0,25.92,,375866.0,350.0,
1951-05-01,,,17.311,,25.99,,,,
1951-06-01,,,17.231,,25.93,,,,
1951-07-01,,351385.0,16.962,1552624.0,25.91,,373148.0,2190.0,
1951-08-01,,,16.801,,25.86,,,,
1951-09-01,,,16.908,,26.03,,,,
1951-10-01,,356178.0,16.881,1561670.0,26.16,,369813.0,2678.0,
1951-11-01,,,17.015,,26.32,,,,
1951-12-01,,,17.123,,26.47,,,,
1952-01-01,,359820.0,17.311,1565288.0,26.45,,377294.0,3522.0,
1952-02-01,,,17.419,,26.41,,,,
1952-03-01,,,17.472,,26.39,,,,
1952-04-01,,361030.0,17.311,1595941.0,26.46,,384800.0,1126.0,
1952-05-01,,,17.15,,26.47,,,,
1952-06-01,,,16.989,,26.53,,,,
1952-07-01,,367701.0,16.72,1603596.0,26.68,,360433.0,-1054.0,
1952-08-01,,,17.795,,26.69,,,,
1952-09-01,,,18.44,,26.63,,,,
1952-10-01,,380812.0,18.628,1660168.0,26.69,,386019.0,-1234.0,
1952-11-01,,,19.005,,26.69,,,,
1952-12-01,,,19.112,,26.71,,,,
1953-01-01,,387980.0,19.166,1679665.0,26.64,,402005.0,-1347.0,
1953-02-01,,,19.274,,26.59,,,,
1953-03-01,,,19.435,,26.63,,,,
1953-04-01,,391749.0,19.515,1689777.0,26.69,,406527.0,-1827.0,2.83
1953-05-01,,,19.623,,26.7,,,,3.05
1953-06-01,,,19.542,,26.77,,,,3.11
1953-07-01,,391171.0,19.784,1685752.0,26.79,,408751.0,-1179.0,2.93
1953-08-01,,,19.677,,26.85,,,,2.95
1953-09-01,,,19.274,,26.89,,,,2.87
1953-10-01,,385970.0,19.112,1674449.0,26.95,,403487.0,-931.0,2.66
1953-11-01,,,18.655,,26.85,,,,2.68
1953-12-01,,,18.198,,26.87,,,,2.59
1954-01-01,,385345.0,18.064,1680625.0,26.94,,396918.0,-488.0,2.48
1954-02-01,,,18.118,,26.99,,,,2.47
1954-03-01,,,18.01,,26.93,,,,2.37
1954-04-01,,386121.0,17.903,1702449.0,26.86,,404416.0,336.0,2.29
1954-05-01,,,18.01,,26.93,,,,2.37
1954-06-01,,,18.064,,26.94,,,,2.38
1954-07-01,,390996.0,18.091,1725489.0,26.86,,419229.0,-76.0,2.3
1954-08-01,,,18.064,,26.85,,,,2.36
1954-09-01,,,18.091,,26.81,,,,2.38
1954-10-01,,399734.0,18.306,1761703.0,26.72,,427626.0,908.0,2.43
1954-11-01,,,18.601,,26.78,,,,2.48
1954-12-01,,,18.843,,26.77,,,,2.51
1955-01-01,,413073.0,19.274,1801231.0,26.77,,442293.0,483.0,2.61
1955-02-01,,,19.515,,26.82,,,,2.65
1955-03-01,,,19.972,,26.79,,,,2.68
1955-04-01,,421532.0,20.214,1835737.0,26.79,,461978.0,-229.0,2.75
1955-05-01,,,20.537,,26.77,,,,2.76
1955-06-01,,,20.564,,26.71,,,,2.78
1955-07-01,,430221.0,20.725,1858411.0,26.76,,474828.0,807.0,2.9
1955-08-01,,,20.698,,26.72,,,,2.97
1955-09-01,,,20.833,,26.85,,,,2.97
1955-10-01,,437092.0,21.182,1881748.0,26.82,,478165.0,427.0,2.88
1955-11-01,,,21.236,,26.88,,,,2.89
1955-12-01,,,21.316,,26.87,,,,2.96
1956-01-01,,439746.0,21.451,1884805.0,26.83,,475111.0,943.0,2.9
1956-02-01,,,21.263,,26.86,,,,2.84
1956-03-01,,,21.263,,26.89,,,,2.96
1956-04-01,,446010.0,21.424,1891074.0,26.93,,482366.0,2231.0,3.18
1956-05-01,,,21.236,,27.03,,,,3.07
1956-06-01,,,21.048,,27.15,,,,3.0
1956-07-01,,451191.0,20.403,1895350.0,27.29,,484592.0,3023.0,3.11
1956-08-01,,,21.236,,27.31,,,,3.33
1956-09-01,,,21.72,,27.35,,,,3.38
1956-10-01,,460463.0,21.908,1921479.0,27.51,,483967.0,4531.0,3.34
1956-11-01,,,21.72,,27.51,,,,3.49
1956-12-01,,,22.042,,27.63,,,,3.59
1957-01-01,,469779.0,21.962,1934843.0,27.67,,481640.0,5556.0,3.46
1957-02-01,,,22.177,,27.8,,,,3.34
1957-03-01,,,22.15,,27.86,,,,3.41
1957-04-01,,472025.0,21.854,1938216.0,27.93,,476298.0,4806.0,3.48
1957-05-01,,,21.773,,28.0,,,,3.6
1957-06-01,,,21.827,,28.11,,,,3.8
1957-07-01,,479490.0,21.962,1953532.0,28.19,,481531.0,4914.0,3.93
1957-08-01,,,21.962,,28.28,,,,3.93
1957-09-01,,,21.773,,28.32,,,,3.92
1957-10-01,,474864.0,21.451,1954346.0,28.32,,475113.0,3594.0,3.97
1957-11-01,,,20.94,,28.41,,,,3.72
1957-12-01,,,20.537,,28.47,,,,3.21
1958-01-01,,467540.0,20.161,1927309.0,28.64,,440024.0,1477.0,3.09
1958-02-01,,,19.73,,28.7,,,,3.05
1958-03-01,,,19.489,,28.87,,,,2.98
1958-04-01,,471978.0,19.166,1943243.0,28.94,,429826.0,821.0,2.88
1958-05-01,,,19.354,,28.94,,,,2.92
1958-06-01,,,19.865,,28.91,,,,2.97
1958-07-01,,485841.0,20.161,1975484.0,28.89,,434322.0,1049.0,3.2
1958-08-01,,,20.564,,28.94,,,,3.54
1958-09-01,,,20.752,,28.91,,,,3.76
1958-10-01,,499555.0,20.994,2002318.0,28.91,,458745.0,-143.0,3.8
1958-11-01,,,21.612,,28.95,,,,3.74
1958-12-01,,,21.639,,28.97,,,,3.86
1959-01-01,,510330.0,21.962,2039017.0,29.01,,485373.0,-1410.0,4.02
1959-02-01,,,22.392,,29.0,,,,3.96
1959-03-01,,,22.714,,28.97,,,,3.99
1959-04-01,,522653.0,23.198,2070508.0,28.98,,501748.0,-2888.0,4.12
1959-05-01,,,23.548,,29.04,,,,4.31
1959-06-01,,,23.574,,29.11,,,,4.34
1959-07-01,,525034.0,23.01,2092138.0,29.15,,506699.0,33.0,4.4
1959-08-01,,,22.23,,29.18,,,,4.43
1959-09-01,,,22.204,,29.25,,,,4.68
1959-10-01,,528600.0,22.042,2094495.0,29.35,,499754.0,-823.0,4.53
1959-11-01,,,22.177,,29.35,,,,4.53
1959-12-01,,,23.548,,29.41,,,,4.69
1960-01-01,,542648.0,24.166,2114532.0,29.37,,515107.0,1865.0,4.72
1960-02-01,,,23.951,,29.41,,,,4.49
1960-03-01,,,23.736,,29.41,,,,4.25
1960-04-01,,541080.0,23.548,2141205.0,29.54,,505355.0,1723.0,4.28
1960-05-01,,,23.521,,29.57,,,,4.35
1960-06-01,,,23.225,,29.61,,,,4.15
1960-07-01,,545604.0,23.144,2132646.0,29.55,,492719.0,4214.0,3.9
1960-08-01,,,23.118,,29.61,,,,3.8
1960-09-01,,,22.875,,29.61,,,,3.8
1960-10-01,,540197.0,22.849,2135408.0,29.75,,489576.0,4884.0,3.89
1960-11-01,,,22.526,,29.78,,,,3.93
1960-12-01,,,22.096,,29.81,,,,3.84
1961-01-01,,545018.0,22.123,2134615.0,29.84,,483448.0,5438.0,3.84
1961-02-01,,,22.096,,29.84,,,,3.78
1961-03-01,,,22.23,,29.84,,,,3.74
1961-04-01,,555545.0,22.687,2166382.0,29.81,,490623.0,3211.0,3.78
1961-05-01,,,23.037,,29.84,,,,3.71
1961-06-01,,,23.359,,29.84,,,,3.88
1961-07-01,,567664.0,23.628,2176916.0,29.92,,500929.0,4303.0,3.92
1961-08-01,,,23.843,,29.94,,,,4.04
1961-09-01,,,23.816,,29.98,,,,3.98
1961-10-01,,580612.0,24.273,2220704.0,29.98,,515209.0,3901.0,3.92
1961-11-01,,,24.65,,29.98,,,,3.94
1961-12-01,,,24.865,,30.01,,,,4.06
1962-01-01,,594013.0,24.65,2244227.0,30.04,,522774.0,3111.0,4.08
1962-02-01,,,25.05,,30.11,,,,4.04
1962-03-01,,,25.19,,30.17,,,,3.93
1962-04-01,,600366.0,25.24,2271817.0,30.21,,537197.0,3745.0,3.84
1962-05-01,,,25.21,,30.24,,,,3.87
1962-06-01,,,25.16,,30.21,,,,3.91
1962-07-01,,609027.0,25.4,2290126.0,30.22,,540234.0,4773.0,4.01
1962-08-01,,,25.43,,30.28,,,,3.98
1962-09-01,,,25.59,,30.42,,,,3.98
1962-10-01,,612280.0,25.62,2322530.0,30.38,,536974.0,3567.0,3.93
1962-11-01,,,25.72,,30.38,,,,3.92
1962-12-01,,,25.72,,30.38,,,,3.86
1963-01-01,,621672.0,25.91,2338799.0,30.44,,541737.0,3971.0,3.83
1963-02-01,,,26.21,,30.48,,,,3.92
1963-03-01,,,26.37,,30.51,,,,3.93
1963-04-01,,629752.0,26.61,2360869.0,30.48,,564051.0,4343.0,3.97
1963-05-01,,,26.93,,30.51,,,,3.93
1963-06-01,,,27.02,,30.61,,,,3.99
1963-07-01,,644444.0,26.91,2392896.0,30.69,,575424.0,5221.0,4.02
1963-08-01,,,26.96,,30.75,,,,4.0
1963-09-01,,,27.23,,30.72,,,,4.08
1963-10-01,,653938.0,27.42,2412836.0,30.75,,589424.0,6252.0,4.11
1963-11-01,,,27.55,,30.78,,,,4.12
1963-12-01,,,27.5,,30.88,,,,4.13
1964-01-01,,669822.0,27.74,2460191.0,30.94,,606133.0,8191.0,4.17
1964-02-01,,,27.93,,30.91,,,,4.15
1964-03-01,,,27.93,,30.94,,,,4.22
1964-04-01,,678674.0,28.39,2503709.0,30.95,,608828.0,5976.0,4.23
1964-05-01,,,28.55,,30.98,,,,4.2
1964-06-01,,,28.63,,31.01,,,,4.17
1964-07-01,,692031.0,28.82,2549958.0,31.02,,617137.0,8130.0,4.19
1964-08-01,,,29.0,,31.05,,,,4.19
1964-09-01,,,29.11,,31.08,,,,4.2
1964-10-01,,697319.0,28.71,2557236.0,31.12,,625897.0,7573.0,4.19
1964-11-01,,,29.6,,31.21,,,,4.15
1964-12-01,,,29.95,,31.25,,,,4.18
1965-01-01,,717790.0,30.27,2614265.0,31.28,,651245.0,5659.0,4.19
1965-02-01,,,30.46,,31.28,,,,4.21
1965-03-01,,,30.86,,31.31,,,,4.21
1965-04-01,,730191.0,30.99,2643097.0,31.38,,667924.0,6269.0,4.2
1965-05-01,,,31.24,,31.48,,,,4.21
1965-06-01,,,31.48,,31.61,,,,4.21
1965-07-01,,749323.0,31.77,2688512.0,31.58,,684775.0,6570.0,4.2
1965-08-01,,,31.91,,31.55,,,,4.25
1965-09-01,,,31.99,,31.62,,,,4.29
1965-10-01,,771857.0,32.31,2764094.0,31.65,,703653.0,6133.0,4.35
1965-11-01,,,32.45,,31.75,,,,4.45
1965-12-01,,,32.85,,31.85,,,,4.62
1966-01-01,,795734.0,33.17,2804899.0,31.88,,722206.0,4633.0,4.61
1966-02-01,,,33.39,,32.08,,,,4.83
1966-03-01,,,33.84,,32.18,,,,4.87
1966-04-01,,804981.0,33.9,2812086.0,32.28,,721059.0,3316.0,4.75
1966-05-01,,,34.22,,32.35,,,,4.78
1966-06-01,,,34.38,,32.38,,,,4.81
1966-07-01,,819638.0,34.57,2844198.0,32.45,,715017.0,3202.0,5.02
1966-08-01,,,34.6,,32.65,,,,5.22
1966-09-01,,,34.92,,32.75,,,,5.18
1966-10-01,,833302.0,35.16,2856047.0,32.85,,698314.0,4084.0,5.01
1966-11-01,,,34.92,,32.88,,,,5.16
1966-12-01,,,35.0,,32.92,,,,4.84
1967-01-01,,844170.0,35.16,2872504.0,32.9,,684874.0,4262.0,4.58
1967-02-01,,,34.76,,33.0,,,,4.63
1967-03-01,,,34.57,,33.0,,,,4.54
1967-04-01,,848983.0,34.9,2911776.0,33.1,,701554.0,3255.0,4.59
1967-05-01,,,34.59,,33.1,,,,4.85
1967-06-01,,,34.59,,33.3,,,,5.02
1967-07-01,,865233.0,34.51,2926685.0,33.4,,707696.0,3583.0,5.16
1967-08-01,,,35.17,,33.5,,,,5.28
1967-09-01,,,35.11,,33.6,,,,5.3
1967-10-01,,881439.0,35.4,2944594.0,33.7,,729524.0,2832.0,5.48
1967-11-01,,,35.9,,33.9,,,,5.75
1967-12-01,,,36.29,,34.0,,,,5.7
1968-01-01,,909387.0,36.25,3015162.0,34.1,,745521.0,1611.0,5.53
1968-02-01,,,36.38,,34.2,,,,5.56
1968-03-01,,,36.49,,34.3,,,,5.74
1968-04-01,,934344.0,36.55,3061075.0,34.4,,742921.0,2025.0,5.64
1968-05-01,,,36.96,,34.5,,,,5.87
1968-06-01,,,37.09,,34.7,,,,5.72
1968-07-01,,950825.0,37.04,3118445.0,34.9,,751653.0,1834.0,5.5
1968-08-01,,,37.14,,35.0,,,,5.42
1968-09-01,,,37.28,,35.1,,,,5.46
1968-10-01,,968030.0,37.35,3132511.0,35.3,,775007.0,660.0,5.58
1968-11-01,,,37.84,,35.4,,,,5.7
1968-12-01,,,37.96,,35.6,,,,6.03
1969-01-01,,993337.0,38.19,3167245.0,35.7,,797542.0,1673.0,6.04
1969-02-01,,,38.43,,35.8,,,,6.19
1969-03-01,,,38.73,,36.1,,,,6.3
1969-04-01,,1009020.0,38.59,3187677.0,36.3,,800259.0,505.0,6.17
1969-05-01,,,38.44,,36.4,,,,6.32
1969-06-01,,,38.82,,36.6,,,,6.57
1969-07-01,,1029956.0,39.02,3203218.0,36.8,,807855.0,1707.0,6.72
1969-08-01,,,39.11,,36.9,,,,6.69
1969-09-01,,,39.11,,37.1,,,,7.16
1969-10-01,,1038147.0,39.12,3228820.0,37.3,,790028.0,2530.0,7.1
1969-11-01,,,38.75,,37.5,,,,7.14
1969-12-01,,,38.64,,37.7,,,,7.65
1970-01-01,,1051200.0,37.93,3248853.0,37.9,,781419.0,3909.0,7.79
1970-02-01,,,37.9,,38.1,,,,7.24
1970-03-01,,,37.85,,38.3,,,,7.07
1970-04-01,,1067375.0,37.76,3263571.0,38.5,,771064.0,5048.0,7.39
1970-05-01,,,37.71,,38.6,,,,7.91
1970-06-01,,,37.59,,38.8,,,,7.84
1970-07-01,,1086059.0,37.68,3292183.0,38.9,,776030.0,3736.0,7.46
1970-08-01,,,37.62,,39.0,,,,7.53
1970-09-01,,,37.36,,39.2,,,,7.39
1970-10-01,,1088608.0,36.61,3283245.0,39.4,,774614.0,2201.0,7.33
1970-11-01,,,36.39,,39.6,,,,6.84
1970-12-01,,,37.22,,39.8,,,,6.39
1971-01-01,,1135156.0,37.51,3346268.0,39.9,,792088.0,4488.0,6.24
1971-02-01,,,37.44,,39.9,,,,6.11
1971-03-01,,,37.4,,40.0,,,,5.7
1971-04-01,,1156271.0,37.61,3377022.0,40.1,,822475.0,-138.0,5.83
1971-05-01,,,37.8,,40.3,,,,6.39
1971-06-01,,,37.96,,40.5,,,,6.52
1971-07-01,,1177675.0,37.85,3403947.0,40.6,,837817.0,-20.0,6.73
1971-08-01,,,37.63,,40.7,,,,6.58
1971-09-01,,,38.24,,40.8,,,,6.14
1971-10-01,,1190297.0,38.53,3460427.0,40.9,,860491.0,-3084.0,5.93
1971-11-01,,,38.69,,41.0,,,,5.81
1971-12-01,,,39.14,,41.1,,,,5.93
1972-01-01,,1230609.0,40.07,3506098.0,41.2,,894680.0,-5031.0,5.95
1972-02-01,,,40.48,,41.4,,,,6.08
1972-03-01,,,40.76,,41.4,,,,6.07
1972-04-01,,1266369.0,41.17,3572842.0,41.5,,910596.0,-4754.0,6.19
1972-05-01,,,41.17,,41.6,,,,6.13
1972-06-01,,,41.28,,41.7,,,,6.11
1972-07-01,,1290566.0,41.24,3627904.0,41.8,,921172.0,-3599.0,6.11
1972-08-01,,,41.81,,41.9,,,,6.21
1972-09-01,,,42.13,,42.1,,,,6.55
1972-10-01,,1328904.0,42.67,3713038.0,42.2,,962851.0,-2782.0,6.48
1972-11-01,,,43.18,,42.4,,,,6.28
1972-12-01,,,43.66,,42.5,,,,6.36
1973-01-01,,1377490.0,43.98,3780829.0,42.7,,999176.0,2206.0,6.46
1973-02-01,,,44.61,,43.0,,,,6.64
1973-03-01,,,44.63,,43.4,,,,6.71
1973-04-01,,1413887.0,44.57,3779125.0,43.7,,1009191.0,5408.0,6.67
1973-05-01,,,44.86,,43.9,,,,6.85
1973-06-01,,,44.92,,44.2,,,,6.9
1973-07-01,,1433838.0,45.08,3792426.0,44.2,,1008067.0,12474.0,7.13
1973-08-01,,,45.02,,45.0,,,,7.4
1973-09-01,,,45.38,,45.2,,,,7.09
1973-10-01,,1476289.0,45.75,3781115.0,45.6,,993385.0,15358.0,6.79
1973-11-01,,,45.95,,45.9,,,,6.73
1973-12-01,,,45.83,,46.3,,,,6.74
1974-01-01,,1491209.0,45.52,3747286.0,46.8,,974903.0,16517.0,6.99
1974-02-01,,,45.38,,47.3,,,,6.96
1974-03-01,,,45.38,,47.8,,,,7.21
1974-04-01,,1530056.0,45.25,3760779.0,48.1,,967795.0,2663.0,7.51
1974-05-01,,,45.61,,48.6,,,,7.58
1974-06-01,,,45.52,,49.0,,,,7.54
1974-07-01,,1560026.0,45.61,3776934.0,49.3,,959975.0,309.0,7.81
1974-08-01,,,45.13,,49.9,,,,8.04
1974-09-01,,,45.14,,50.6,,,,8.04
1974-10-01,,1599679.0,44.99,3721726.0,51.0,,916591.0,4392.0,7.9
1974-11-01,,,43.51,,51.5,,,,7.68
1974-12-01,,,41.95,,51.9,,,,7.43
1975-01-01,,1616116.0,41.37,3752942.0,52.3,,873697.0,17889.0,7.5
1975-02-01,,,40.43,,52.6,,,,7.39
1975-03-01,,,39.98,,52.8,,,,7.73
1975-04-01,,1651853.0,40.06,3814672.0,53.0,,870719.0,21454.0,8.23
1975-05-01,,,39.94,,53.1,,,,8.06
1975-06-01,,,40.19,,53.5,,,,7.86
1975-07-01,,1709820.0,40.61,3868889.0,54.0,,886677.0,18389.0,8.06
1975-08-01,,,41.01,,54.2,,,,8.4
1975-09-01,,,41.54,,54.6,,,,8.43
1975-10-01,,1761831.0,41.72,3910492.0,54.9,,902542.0,21623.0,8.14
1975-11-01,,,41.78,,55.3,,,,8.05
1975-12-01,,,42.35,,55.6,,,,8.0
1976-01-01,,1820487.0,42.91,3988677.0,55.8,,938609.0,13152.0,7.74
1976-02-01,,,43.34,,55.9,,,,7.79
1976-03-01,,,43.43,,56.0,,,,7.73
1976-04-01,,1852332.0,43.65,4025375.0,56.1,,961001.0,8993.0,7.56
1976-05-01,,,43.83,,56.4,,,,7.9
1976-06-01,,,43.88,,56.7,,,,7.86
1976-07-01,,1886558.0,44.12,4067757.0,57.0,,972936.0,2406.0,7.83
1976-08-01,,,44.43,,57.3,,,,7.77
1976-09-01,,,44.57,,57.6,,,,7.59
1976-10-01,,1934273.0,44.56,4120536.0,57.9,,1016834.0,3826.0,7.41
1976-11-01,,,45.25,,58.1,,,,7.29
1976-12-01,,,45.73,,58.4,,,,6.87
1977-01-01,,1988648.0,45.42,4169104.0,58.7,,1056877.0,-8022.0,7.21
1977-02-01,,,46.14,,59.3,,,,7.39
1977-03-01,,,46.72,,59.6,,,,7.46
1977-04-01,,2055909.0,47.17,4191711.0,60.0,,1116810.0,-8843.0,7.37
1977-05-01,,,47.54,,60.2,,,,7.46
1977-06-01,,,47.91,,60.5,,,,7.28
1977-07-01,,2118473.0,47.97,4231345.0,60.8,,1142180.0,-7858.0,7.33
1977-08-01,,,48.02,,61.1,,,,7.4
1977-09-01,,,48.21,,61.3,,,,7.34
1977-10-01,,2164270.0,48.28,4294965.0,61.6,,1161584.0,-18933.0,7.52
1977-11-01,,,48.38,,62.0,,,,7.58
1977-12-01,,,48.46,,62.3,,,,7.69
1978-01-01,,2202760.0,47.75,4319094.0,62.7,,1177039.0,-25008.0,7.96
1978-02-01,,,48.01,,63.0,,,,8.03
1978-03-01,,,48.94,,63.4,,,,8.04
1978-04-01,,2331633.0,49.91,4411431.0,63.9,,1259296.0,-12855.0,8.15
1978-05-01,,,50.15,,64.5,,,,8.35
1978-06-01,,,50.48,,65.0,,,,8.46
1978-07-01,,2395053.0,50.44,4429955.0,65.5,,1296742.0,-11386.0,8.64
1978-08-01,,,50.64,,65.9,,,,8.41
1978-09-01,,,50.76,,66.5,,,,8.42
1978-10-01,,2476949.0,51.15,4465702.0,67.1,,1324736.0,-1261.0,8.64
1978-11-01,,,51.55,,67.5,,,,8.81
1978-12-01,,,51.81,,67.9,,,,9.01
1979-01-01,,2526610.0,51.53,4488830.0,68.5,,1340250.0,-1811.0,9.1
1979-02-01,,,51.78,,69.2,,,,9.1
1979-03-01,,,51.94,,69.9,,,,9.12
1979-04-01,,2591247.0,51.33,4485916.0,70.6,,1334109.0,-2698.0,9.18
1979-05-01,,,51.78,,71.4,,,,9.25
1979-06-01,,,51.79,,72.2,,,,8.91
1979-07-01,,2667565.0,51.7,4529568.0,73.0,,1360653.0,2433.0,8.95
1979-08-01,,,51.37,,73.7,,,,9.03
1979-09-01,,,51.36,,74.4,,,,9.33
1979-10-01,,2723883.0,51.72,4540839.0,75.2,,1350459.0,-2588.0,10.3
1979-11-01,,,51.63,,76.0,,,,10.65
1979-12-01,,,51.67,,76.9,,,,10.39
1980-01-01,,2789842.0,51.94,4534348.0,78.0,,1335774.0,-10666.0,10.8
1980-02-01,,,51.96,,79.0,,,,12.41
1980-03-01,,,51.75,,80.1,,,,12.75
1980-04-01,,2797352.0,50.72,4432231.0,80.9,,1225402.0,9844.0,11.47
1980-05-01,,,49.48,,81.7,,,,10.18
1980-06-01,,,48.84,,82.5,,,,9.78
1980-07-01,,2856483.0,48.49,4480849.0,82.6,,1239339.0,28157.0,10.25
1980-08-01,,,48.65,,83.2,,,,11.1
1980-09-01,,,49.46,,83.9,,,,11.51
1980-10-01,,2985557.0,50.09,4541390.0,84.7,,1280179.0,6708.0,11.75
1980-11-01,,,50.92,,85.6,,,,12.68
1980-12-01,,,51.26,,86.4,,,,12.84
1981-01-01,,3124206.0,50.93,4556603.0,87.2,,1291918.0,1667.0,12.57
1981-02-01,,,50.72,,88.0,,,,13.19
1981-03-01,,,50.98,,88.6,,,,13.12
1981-04-01,,3162532.0,50.77,4556934.0,89.1,,1304992.0,172.0,13.68
1981-05-01,,,51.06,,89.7,,,,14.1
1981-06-01,,,51.32,,90.5,,,,13.47
1981-07-01,,3260609.0,51.66,4578013.0,91.5,,1302756.0,7072.0,14.28
1981-08-01,,,51.59,,92.2,,,,14.94
1981-09-01,,,51.34,,93.1,,,,15.32
1981-10-01,,3280818.0,50.95,4546699.0,93.4,,1302207.0,4594.0,15.15
1981-11-01,,,50.35,,93.8,,,,13.39
1981-12-01,,,49.81,,94.1,,,,13.72
1982-01-01,,3274302.0,48.79,4580190.0,94.4,,1266243.0,651.0,14.59
1982-02-01,,,49.78,,94.7,,,,14.43
1982-03-01,,,49.45,,94.7,,,,13.86
1982-04-01,,3331972.0,48.99,4594142.0,95.0,,1225409.0,17439.0,13.87
1982-05-01,,,48.67,,95.9,,,,13.62
1982-06-01,,,48.54,,97.0,,,,14.3
1982-07-01,,3366322.0,48.38,4624939.0,97.5,,1186784.0,-14036.0,13.95
1982-08-01,,,47.94,,97.7,,,,13.06
1982-09-01,,,47.81,,97.7,,,,12.34
1982-10-01,,3402561.0,47.36,4705953.0,98.1,,1178424.0,-17253.0,10.91
1982-11-01,,,47.21,,98.0,,,,10.55
1982-12-01,,,46.87,,97.7,,,,10.54
1983-01-01,,3473413.0,47.74,4752481.0,97.9,,1192469.0,-7895.0,10.46
1983-02-01,,,47.45,,98.0,,,,10.72
1983-03-01,,,47.84,,98.1,,,,10.51
1983-04-01,,3578848.0,48.45,4849254.0,98.8,,1224815.0,-27636.0,10.4
1983-05-01,,,48.75,,99.2,,,,10.38
1983-06-01,,,49.04,,99.4,,,,10.85
1983-07-01,,3689179.0,49.77,4936211.0,99.8,,1280228.0,-47909.0,11.38
1983-08-01,,,50.36,,100.1,,,,11.85
1983-09-01,,,51.09,,100.4,,,,11.65
1983-10-01,,3794706.0,51.49,5014874.0,100.8,,1344318.0,-56770.0,11.54
1983-11-01,,,51.72,,101.1,,,,11.69
1983-12-01,,,51.98,,101.4,,,,11.83
1984-01-01,,3908054.0,53.01,5056492.0,102.1,,1375539.0,-78536.0,11.67
1984-02-01,,,53.25,,102.6,,,,11.84
1984-03-01,,,53.5,,102.9,,,,12.32
1984-04-01,,4009601.0,53.82,5127332.0,103.3,,1424059.0,-87926.0,12.63
1984-05-01,,,54.11,,103.5,,,,13.41
1984-06-01,,,54.31,,103.7,,,,13.56
1984-07-01,,4084250.0,54.46,5165357.0,104.1,,1445293.0,-90438.0,13.36
1984-08-01,,,54.52,,104.4,,,,12.72
1984-09-01,,,54.37,,104.7,,,,12.52
1984-10-01,,4148551.0,54.35,5232266.0,105.1,,1464941.0,-103420.0,12.16
1984-11-01,,,54.53,,105.3,,,,11.57
1984-12-01,,,54.56,,105.5,,,,11.5
1985-01-01,,4230168.0,54.53,5321159.0,105.7,,1468874.0,-89411.0,11.38
1985-02-01,,,54.69,,106.3,,,,11.51
1985-03-01,,,54.77,,106.8,,,,11.86
1985-04-01,,4294887.0,54.65,5370011.0,107.0,,1481100.0,-111361.0,11.43
1985-05-01,,,54.74,,107.2,,,,10.85
1985-06-01,,,54.71,,107.5,,,,10.16
1985-07-01,,4386773.0,54.44,5472014.0,107.7,,1473062.0,-121276.0,10.31
1985-08-01,,,54.61,,107.9,,,,10.33
1985-09-01,,,54.81,,108.1,,,,10.37
1985-10-01,,4444094.0,54.62,5483866.0,108.5,,1502266.0,-135167.0,10.24
1985-11-01,,,54.81,,109.0,,,,9.78
1985-12-01,,,55.36,,109.5,,,,9.26
1986-01-01,,4507894.0,55.65,5531807.0,109.9,,1506830.0,-128326.0,9.19
1986-02-01,,,55.26,,109.7,,,,8.7
1986-03-01,,,54.87,,109.1,,,,7.78
1986-04-01,,4545340.0,54.94,5592080.0,108.7,,1512885.0,-141861.0,7.3
1986-05-01,,,55.04,,109.0,,,,7.71
1986-06-01,,,54.83,,109.4,,,,7.8
1986-07-01,,4607669.0,55.17,5690971.0,109.5,,1512583.0,-150220.0,7.3
1986-08-01,,,55.07,,109.6,,,,7.17
1986-09-01,,,55.22,,110.0,,,,7.45
1986-10-01,,4657627.0,55.46,5725812.0,110.2,,1525761.0,-150296.0,7.43
1986-11-01,,,55.68,,110.4,,,,7.25
1986-12-01,,,56.21,,110.8,,,,7.11
1987-01-01,,4722156.0,55.99,5731226.0,111.4,,1495549.0,-150940.0,7.08
1987-02-01,,,56.74,,111.8,,,,7.25
1987-03-01,,,56.81,,112.2,,,,7.25
1987-04-01,,4806160.0,57.19,5809376.0,112.7,,1511405.0,-154384.0,8.02
1987-05-01,,,57.54,,113.0,,,,8.61
1987-06-01,,,57.85,,113.5,,,,8.4
1987-07-01,,4884555.0,58.24,5875641.0,113.8,,1530441.0,-154051.0,8.45
1987-08-01,,,58.68,,114.3,,,,8.76
1987-09-01,,,58.91,,114.7,,,,9.42
1987-10-01,,5007994.0,59.7,5888065.0,115.0,,1532097.0,-157008.0,9.52
1987-11-01,,,60.0,,115.4,,,,8.86
1987-12-01,,,60.32,,115.6,,,,8.99
1988-01-01,,5073372.0,60.31,5992101.0,116.0,,1534342.0,-126867.0,8.67
1988-02-01,,,60.61,,116.2,,,,8.21
1988-03-01,,,60.75,,116.5,,,,8.37
1988-04-01,,5190036.0,61.11,6036355.0,117.2,,1559208.0,-109957.0,8.72
1988-05-01,,,60.98,,117.5,,,,9.09
1988-06-01,,,61.16,,118.0,,,,8.92
1988-07-01,,5282835.0,61.17,6090001.0,118.5,,1555868.0,-106457.0,9.06
1988-08-01,,,61.48,,119.0,,,,9.26
1988-09-01,,,61.28,,119.5,,,,8.98
1988-10-01,,5399509.0,61.55,6159246.0,119.9,,1575555.0,-119615.0,8.8
1988-11-01,,,61.7,,120.3,,,,8.96
1988-12-01,,,61.99,,120.7,,,,9.11
1989-01-01,,5511253.0,62.17,6187816.0,121.2,,1582015.0,-106692.0,9.09
1989-02-01,,,61.89,,121.6,,,,9.17
1989-03-01,,,62.05,,122.2,,,,9.36
1989-04-01,,5612463.0,62.03,6216695.0,123.1,,1577509.0,-93575.0,9.18
1989-05-01,,,61.69,,123.7,,,,8.86
1989-06-01,,,61.69,,124.1,,,,8.28
1989-07-01,,5695365.0,61.09,6276877.0,124.5,,1601523.0,-81655.0,8.02
1989-08-01,,,61.68,,124.5,,,,8.11
1989-09-01,,,61.48,,124.8,,,,8.19
1989-10-01,,5747237.0,61.4,6304157.0,125.4,,1578304.0,-87482.0,8.01
1989-11-01,,,61.61,,125.9,,,,7.87
1989-12-01,,,61.96,,126.3,,,,7.84
1990-01-01,,5872701.0,61.64,6357213.0,127.5,,1589572.0,-90039.0,8.21
1990-02-01,,,62.2,,128.0,,,,8.47
1990-03-01,,,62.49,,128.6,,,,8.59
1990-04-01,,5960028.0,62.35,6376579.0,128.9,,1546950.0,-72861.0,8.79
1990-05-01,,,62.54,,129.1,,,,8.76
1990-06-01,,,62.75,,129.9,,,,8.48
1990-07-01,,6015116.0,62.64,6401841.0,130.5,,1530517.0,-82374.0,8.47
1990-08-01,,,62.87,,131.6,,,,8.75
1990-09-01,,,62.88,,132.5,,,,8.89
1990-10-01,,6004733.0,62.5,6353139.0,133.4,,1487962.0,-54310.0,8.72
1990-11-01,,,61.72,,133.7,,,,8.39
1990-12-01,,,61.29,,134.2,,,,8.08
1991-01-01,,6035178.0,61.08,6329249.0,134.7,,1444792.0,46579.0,8.09
1991-02-01,,,60.64,,134.8,,,,7.85
1991-03-01,,,60.3,,134.8,,,,8.11
1991-04-01,,6126862.0,60.45,6381703.0,135.1,,1441114.0,14772.0,8.04
1991-05-01,,,61.06,,135.6,,,,8.07
1991-06-01,,,61.55,,136.0,,,,8.28
1991-07-01,,6205937.0,61.72,6413521.0,136.2,,1433057.0,-13029.0,8.27
1991-08-01,,,61.73,,136.6,,,,7.9
1991-09-01,,,62.24,,137.0,,,,7.65
1991-10-01,,6264540.0,62.17,6410312.0,137.2,,1426137.0,-16792.0,7.53
1991-11-01,,,62.09,,137.8,,,,7.42
1991-12-01,,,61.81,,138.2,,,,7.09
1992-01-01,,6363102.0,61.48,6530335.0,138.3,,1434224.0,-21789.0,7.03
1992-02-01,,,61.92,,138.6,,,,7.34
1992-03-01,,,62.44,,139.1,,,,7.54
1992-04-01,,6470763.0,62.92,6574665.0,139.4,,1475289.0,-39390.0,7.48
1992-05-01,,,63.13,,139.7,,,,7.39
1992-06-01,,,63.16,,140.1,,,,7.26
1992-07-01,,6566641.0,63.73,6645140.0,140.5,,1488544.0,-52700.0,6.84
1992-08-01,,,63.38,,140.8,,,,6.59
1992-09-01,,,63.58,,141.1,,,,6.42
1992-10-01,,6680803.0,64.02,6724342.0,141.7,,1526927.0,-68420.0,6.59
1992-11-01,,,64.26,,142.1,,,,6.87
1992-12-01,,,64.36,,142.3,,,,6.77
1993-01-01,,6729459.0,64.61,6750123.0,142.8,,1534928.0,-57319.0,6.6
1993-02-01,,,64.93,,143.1,,,,6.26
1993-03-01,,,64.86,,143.3,,,,5.98
1993-04-01,,6808939.0,65.04,6811522.0,143.8,,1558584.0,-74495.0,5.97
1993-05-01,,,64.8,,144.2,,,,6.04
1993-06-01,,,64.95,,144.3,,,,5.96
1993-07-01,,6882098.0,65.11,6887329.0,144.5,,1576701.0,-77413.0,5.81
1993-08-01,,,65.04,,144.8,,,,5.68
1993-09-01,,,65.37,,145.0,,,,5.36
1993-10-01,,7013738.0,65.86,6947788.0,145.6,,1636211.0,-108250.0,5.33
1993-11-01,,,66.17,,146.0,,,,5.72
1993-12-01,,,66.55,,146.3,,,,5.77
1994-01-01,,7115652.0,66.76,7027255.0,146.3,,1656769.0,-92966.0,5.75
1994-02-01,,,66.8,,146.7,,,,5.97
1994-03-01,,,67.47,,147.1,,,,6.48
1994-04-01,,7246931.0,67.87,7081931.0,147.2,,1687623.0,-109200.0,6.97
1994-05-01,,,68.19,,147.5,,,,7.18
1994-06-01,,,68.64,,147.9,,,,7.1
1994-07-01,,7331075.0,68.73,7135930.0,148.4,,1699254.0,-121699.0,7.3
1994-08-01,,,69.19,,149.0,,,,7.24
1994-09-01,,,69.39,,149.3,,,,7.46
1994-10-01,,7455288.0,69.96,7213079.0,149.4,,1737884.0,-138529.0,7.74
1994-11-01,,,70.43,,149.8,,,,7.96
1994-12-01,,,71.13,,150.1,,,,7.81
1995-01-01,,7522289.0,71.26,7231032.0,150.5,,1776176.0,-119224.0,7.78
1995-02-01,,,71.18,,150.9,,,,7.47
1995-03-01,,,71.28,,151.2,,,,7.2
1995-04-01,,7580997.0,71.15,7294424.0,151.8,,1773014.0,-119383.0,7.06
1995-05-01,,,71.5,,152.1,,,,6.63
1995-06-01,,,71.73,,152.4,,,,6.17
1995-07-01,,7683125.0,71.43,7360529.0,152.6,,1794459.0,-99788.0,6.28
1995-08-01,,,72.37,,152.9,,,,6.49
1995-09-01,,,72.65,,153.1,,,,6.2
1995-10-01,,7772586.0,72.53,7411873.0,153.5,,1820108.0,-85053.0,6.04
1995-11-01,,,72.72,,153.7,,,,5.93
1995-12-01,,,72.96,,153.9,,,,5.71
1996-01-01,,7868468.0,72.57,7480231.0,154.7,,1855097.0,-102927.0,5.65
1996-02-01,,,73.62,,155.0,,,,5.81
1996-03-01,,,73.51,,155.5,,,,6.27
1996-04-01,,8032840.0,74.25,7560702.0,156.1,,1901417.0,-109343.0,6.51
1996-05-01,,,74.81,,156.4,,,,6.74
1996-06-01,,,75.37,,156.7,,,,6.91
1996-07-01,,8131408.0,75.37,7606475.0,157.0,,1943576.0,-133528.0,6.87
1996-08-01,,,75.76,,157.2,,,,6.64
1996-09-01,,,76.23,,157.7,,,,6.83
1996-10-01,,8259771.0,76.22,7667062.0,158.2,,1963289.0,-114297.0,6.53
1996-11-01,,,76.9,,158.7,,,,6.2
1996-12-01,,,77.38,,159.1,,,,6.3
1997-01-01,,8362655.0,77.51,7747880.0,159.4,,1988456.0,-131958.0,6.58
1997-02-01,,,78.43,,159.7,,,,6.42
1997-03-01,,,78.92,,159.8,,,,6.69
1997-04-01,,8518825.0,78.98,7782760.0,159.9,,2023771.0,-101888.0,6.89
1997-05-01,,,79.43,,159.9,,,,6.71
1997-06-01,,,79.8,,160.2,,,,6.49
1997-07-01,,8662823.0,80.47,7915359.0,160.4,,2089451.0,-122775.0,6.22
1997-08-01,,,81.28,,160.8,,,,6.3
1997-09-01,,,82.03,,161.2,,,,6.21
1997-10-01,,8765907.0,82.77,8009964.0,161.5,,2095398.0,-163759.0,6.03
1997-11-01,,,83.43,,161.7,,,,5.88
1997-12-01,,,83.78,,161.8,,,,5.81
1998-01-01,,8866480.0,84.16,8090987.0,162.0,,2146211.0,-164861.0,5.54
1998-02-01,,,84.31,,162.0,,,,5.57
1998-03-01,,,84.34,,162.0,,,,5.65
1998-04-01,,8969699.0,84.63,8233463.0,162.2,,2209377.0,-196078.0,5.64
1998-05-01,,,85.19,,162.6,,,,5.65
1998-06-01,,,84.68,,162.8,,,,5.5
1998-07-01,,9121097.0,84.34,8340831.0,163.2,,2240737.0,-224625.0,5.46
1998-08-01,,,86.08,,163.4,,,,5.34
1998-09-01,,,86.0,,163.5,,,,4.81
1998-10-01,,9293991.0,86.59,8461330.0,163.9,,2297754.0,-235780.0,4.53
1998-11-01,,,86.51,,164.1,,,,4.83
1998-12-01,,,86.86,,164.4,,,,4.65
1999-01-01,,9417264.0,87.22,8548235.0,164.7,,2332201.0,-234237.0,4.72
1999-02-01,,,87.73,,164.7,,,,5.0
1999-03-01,,,87.91,,164.8,,,,5.23
1999-04-01,,9524152.0,88.11,8679143.0,165.9,,2382522.0,-262217.0,5.18
1999-05-01,,,88.65,,166.0,,,,5.54
1999-06-01,,,88.59,,166.0,,,,5.9
1999-07-01,,9681856.0,89.11,8776715.0,166.7,,2427094.0,-293375.0,5.79
1999-08-01,,,89.5,,167.1,,,,5.94
1999-09-01,,,89.13,,167.8,,,,5.92
1999-10-01,,9899378.0,90.27,8905093.0,168.1,,2433115.0,-316669.0,6.11
1999-11-01,,,90.75,,168.4,,,,6.03
1999-12-01,,,91.48,,168.8,,,,6.28
2000-01-01,,10002857.0,91.41,9039743.0,169.3,,2501601.0,-370518.0,6.66
2000-02-01,,,91.72,,170.0,,,,6.52
2000-03-01,,,92.08,,171.0,,,,6.26
2000-04-01,,10247679.0,92.67,9124152.0,170.9,,2551645.0,-379498.0,5.99
2000-05-01,,,92.93,,171.2,,,,6.44
2000-06-01,,,93.0,,172.2,,,,6.1
2000-07-01,,10319825.0,92.84,9211569.0,172.7,,2558556.0,-416788.0,6.05
2000-08-01,,,92.59,,172.7,,,,5.83
2000-09-01,,,92.98,,173.6,,,,5.8
2000-10-01,,10439025.0,92.64,9292050.0,173.9,,2557267.0,-420670.0,5.74
2000-11-01,,,92.66,,174.2,,,,5.72
2000-12-01,,,92.35,,174.6,,,,5.24
2001-01-01,,10472879.0,91.89,9325751.0,175.6,,2526951.0,-423661.0,5.16
2001-02-01,,,91.29,,176.0,,,,5.1
2001-03-01,,,91.06,,176.1,,,,4.89
2001-04-01,,10597822.0,90.74,9344486.0,176.4,,2490875.0,-379083.0,5.14
2001-05-01,,,90.26,,177.3,,,,5.39
2001-06-01,,,89.78,,177.7,,,,5.28
2001-07-01,,10596294.0,89.24,9377003.0,177.4,,2469300.0,-412134.0,5.24
2001-08-01,,,89.16,,177.4,,,,4.97
2001-09-01,,,88.67,,178.1,,,,4.73
2001-10-01,,10660294.0,88.41,9528302.0,177.6,,2406317.0,-350783.0,4.57
2001-11-01,,,87.89,,177.5,,,,4.65
2001-12-01,,,87.85,,177.4,,,,5.09
2002-01-01,5848.0,10788952.0,88.46,9549516.0,177.7,,2189057.0,-404443.0,5.04
2002-02-01,5871.0,,88.46,,178.0,,,,4.91
2002-03-01,5883.0,,89.13,,178.5,,,,5.28
2002-04-01,5859.0,10893207.0,89.55,9597820.0,179.3,,2186656.0,-456414.0,5.21
2002-05-01,5924.0,,89.93,,179.5,,,,5.16
2002-06-01,5915.0,,90.67,,179.6,,,,4.93
2002-07-01,5770.0,10992051.0,90.64,9664988.0,180.0,,2183461.0,-461697.0,4.65
2002-08-01,5811.0,,90.55,,180.5,,,,4.26
2002-09-01,5411.0,,90.64,,180.8,,,,3.87
2002-10-01,5363.0,11071463.0,90.4,9718745.0,181.2,,2174296.0,-499210.0,3.94
2002-11-01,5597.0,,90.89,,181.5,,,,4.05
2002-12-01,5699.0,,90.39,,181.8,,,,4.03
2003-01-01,5785.0,11183507.0,91.14,9766616.0,182.6,,2194030.0,-546387.0,4.05
2003-02-01,5791.0,,91.25,,183.6,,,,3.9
2003-03-01,5817.0,,91.0,,183.9,,,,3.81
2003-04-01,5774.0,11312875.0,90.43,9878442.0,183.2,,2246775.0,-526038.0,3.96
2003-05-01,5733.0,,90.4,,182.9,,,,3.57
2003-06-01,5701.0,,90.52,,183.1,,,,3.33
2003-07-01,5526.0,11567326.0,90.99,10018122.0,183.7,,2319726.0,-526651.0,3.98
2003-08-01,5595.0,,90.79,,184.5,,,,4.45
2003-09-01,5683.0,,91.38,,185.1,,,,4.27
2003-10-01,5635.0,11769275.0,91.5,10087092.0,184.9,,2361865.0,-511463.0,4.29
2003-11-01,5560.0,,92.13,,185.0,,,,4.3
2003-12-01,5579.0,,92.17,,185.5,,,,4.27
2004-01-01,5570.0,11920169.0,92.33,10181141.0,186.3,,2355416.0,-548939.0,4.15
2004-02-01,5556.0,,92.9,,186.7,,,,4.08
2004-03-01,5607.0,,92.54,,187.1,,,,3.83
2004-04-01,5526.0,12108987.0,92.9,10236694.0,187.4,,2419763.0,-624508.0,4.35
2004-05-01,5548.0,,93.58,,188.2,,,,4.72
2004-06-01,5398.0,,92.87,,188.9,,,,4.73
2004-07-01,5458.0,12303340.0,93.55,10356936.0,189.1,,2471232.0,-649299.0,4.5
2004-08-01,5333.0,,93.63,,189.2,,,,4.28
2004-09-01,5062.0,,93.74,,189.8,,,,4.13
2004-10-01,5156.0,12522425.0,94.57,10474084.0,190.8,,2516261.0,-728322.0,4.1
2004-11-01,5396.0,,94.8,,191.7,,,,4.19
2004-12-01,5413.0,,95.54,,191.7,,,,4.23
2005-01-01,5446.0,12761337.0,95.88,10540638.0,191.6,,2560385.0,-688747.0,4.22
2005-02-01,5501.0,,96.57,,192.4,,,,4.17
2005-03-01,5601.0,,96.43,,193.1,,,,4.5
2005-04-01,5563.0,12910022.0,96.63,10657449.0,193.7,,2603795.0,-722181.0,4.34
2005-05-01,5596.0,,96.73,,193.6,,,,4.14
2005-06-01,5442.0,,97.15,,193.7,,,,4.0
2005-07-01,5253.0,13142873.0,96.84,10745873.0,194.9,,2649330.0,-754677.0,4.18
2005-08-01,5198.0,,97.16,,196.1,,,,4.26
2005-09-01,4214.0,,95.28,,198.8,,,,4.2
2005-10-01,4555.0,13332316.0,96.44,10765680.0,199.1,,2661221.0,-839101.0,4.46
2005-11-01,4857.0,,97.5,,198.1,,,,4.54
2005-12-01,4988.0,,97.97,,198.1,,,,4.47
2006-01-01,5048.0,13603933.0,98.13,10883075.0,199.3,,2711214.0,-801755.0,4.42
2006-02-01,5032.0,,98.17,,199.4,,,,4.57
2006-03-01,5027.0,,98.39,,199.7,,,,4.72
2006-04-01,5082.0,13749806.0,98.68,10939498.0,200.7,,2696588.0,-828770.0,4.99
2006-05-01,5151.0,,98.71,,201.3,,,,5.11
2006-06-01,5163.0,,99.04,,201.8,,,,5.11
2006-07-01,5094.0,13867469.0,98.98,11009748.0,202.9,,2679271.0,-875813.0,5.09
2006-08-01,5040.0,,99.4,,203.8,,,,4.88
2006-09-01,5031.0,,99.22,,202.8,,,,4.72
2006-10-01,5108.0,14037228.0,99.12,11114771.0,201.9,,2660267.0,-770888.0,4.73
2006-11-01,5064.0,,99.1,,202.0,,,,4.6
2006-12-01,5186.0,,100.11,,203.1,,,,4.56
2007-01-01,5108.0,14208569.0,99.75,11183323.0,203.44,,2786977.0,-805547.0,4.76
2007-02-01,5118.0,,100.72,,204.23,,,,4.72
2007-03-01,5119.0,,100.9,,205.29,,,,4.56
2007-04-01,5180.0,14382363.0,101.57,11212669.0,205.9,,2800103.0,-778679.0,4.69
2007-05-01,5211.0,,101.63,,206.76,,,,4.75
2007-06-01,5075.0,,101.65,,207.23,,,,5.1
2007-07-01,5038.0,14535003.0,101.5,11287468.0,207.6,,2784117.0,-708957.0,5.0
2007-08-01,4970.0,,101.69,,207.67,,,,4.67
2007-09-01,4902.0,,101.94,,208.55,,,,4.52
2007-10-01,5022.0,14681501.0,101.64,11331949.0,209.19,,2757412.0,-670257.0,4.53
2007-11-01,5034.0,,102.22,,210.83,,,,4.15
2007-12-01,5111.0,,102.28,,211.45,,,,4.1
2008-01-01,5115.0,14651039.0,102.15,11316411.0,212.17,,2714675.0,-735552.0,3.74
2008-02-01,5148.0,,101.78,,212.69,,,,3.74
2008-03-01,5189.0,,101.45,,213.45,,,,3.51
2008-04-01,5180.0,14805611.0,100.76,11347595.0,213.94,,2692443.0,-731276.0,3.68
2008-05-01,5143.0,,100.13,,215.21,,,,3.88
2008-06-01,5138.0,,99.87,,217.46,,,,4.1
2008-07-01,5177.0,14835187.0,99.42,11260136.0,219.02,,2624372.0,-719025.0,4.01
2008-08-01,5003.0,,97.85,,218.69,,,,3.89
2008-09-01,3974.0,,93.56,,218.88,,,,3.69
2008-10-01,4738.0,14559543.0,94.5,11158801.0,216.99,,2451093.0,-631079.0,3.81
2008-11-01,5078.0,,93.26,,213.15,,,,3.53
2008-12-01,5103.0,,90.63,,211.4,,,,2.42
2009-01-01,5144.0,14394547.0,88.37,11130464.0,211.93,,2256202.0,-403189.0,2.52
2009-02-01,5239.0,,87.84,,212.71,,,,2.87
2009-03-01,5219.0,,86.47,,212.49,,,,2.82
2009-04-01,5278.0,14352850.0,85.79,11075748.0,212.71,,2174421.0,-354508.0,2.93
2009-05-01,5377.0,,84.94,,213.02,,,,3.29
2009-06-01,5269.0,,84.67,,214.79,,,,3.72
2009-07-01,5398.0,14420312.0,85.69,11150230.0,214.73,,2182489.0,-366635.0,3.56
2009-08-01,5418.0,,86.64,,215.45,,,,3.59
2009-09-01,5559.0,,87.38,,215.86,,,,3.4
2009-10-01,5524.0,14628021.0,87.58,11137946.0,216.51,,2193484.0,-408097.0,3.39
2009-11-01,5395.0,,87.94,,217.23,,,,3.4
2009-12-01,5452.0,,88.24,,217.35,,,,3.59
2010-01-01,5404.0,14721350.0,89.19,11202495.0,217.49,,2192686.0,-421555.0,3.73
2010-02-01,5553.0,,89.5,,217.28,,,,3.69
2010-03-01,5515.0,,90.14,,217.35,,,,3.73
2010-04-01,5392.0,14926098.0,90.46,11302955.0,217.4,,2272707.0,-444135.0,3.85
2010-05-01,5401.0,,91.7,,217.29,,,,3.42
2010-06-01,5380.0,,91.9,,217.2,,,,3.2
2010-07-01,5298.0,15079917.0,92.25,11383596.0,217.6,,2285204.0,-472695.0,3.01
2010-08-01,5447.0,,92.59,,217.92,,,,2.7
2010-09-01,5616.0,,92.85,,218.27,,,,2.65
2010-10-01,5631.0,15240843.0,92.6,11453368.0,219.04,,2328831.0,-420758.0,2.54
2010-11-01,5576.0,,92.67,,219.59,,,,2.76
2010-12-01,5607.0,,93.59,,220.47,,,,3.29
2011-01-01,5497.0,15285828.0,93.39,11497120.0,221.19,,2325257.0,-476625.0,3.39
2011-02-01,5406.0,,93.0,,221.9,,,,3.58
2011-03-01,5618.0,,93.97,,223.05,,,,3.41
2011-04-01,5562.0,15496189.0,93.66,11508950.0,224.09,,2380022.0,-477942.0,3.46
2011-05-01,5625.0,,93.77,,224.81,,,,3.17
2011-06-01,5589.0,,94.05,,224.81,,,,3.0
2011-07-01,5440.0,15591850.0,94.5,11543975.0,225.4,,2480401.0,-436398.0,3.0
2011-08-01,5665.0,,95.1,,226.11,,,,2.3
2011-09-01,5614.0,,95.02,,226.6,,,,1.98
2011-10-01,5902.0,15796460.0,95.69,11563890.0,226.75,,2544234.0,-450378.0,2.15
2011-11-01,6039.0,,95.68,,227.17,,,,2.01
2011-12-01,6112.0,,96.18,,227.22,,,,1.98
2012-01-01,6177.0,16019758.0,96.76,11647297.0,227.84,,2624008.0,-467257.0,1.97
2012-02-01,6268.0,,97.07,,228.33,,,,1.97
2012-03-01,6327.0,,96.56,,228.81,,,,2.17
2012-04-01,6320.0,16152257.0,97.25,11667753.0,229.19,,2677220.0,-445744.0,2.05
2012-05-01,6370.0,,97.46,,228.71,,,,1.8
2012-06-01,6275.0,,97.48,,228.52,,,,1.62
2012-07-01,6431.0,16257151.0,97.67,11691414.0,228.59,,2681288.0,-397940.0,1.53
2012-08-01,6351.0,,97.27,,229.92,,,,1.68
2012-09-01,6598.0,,97.22,,231.01,,,,1.72
2012-10-01,6970.0,16358863.0,97.53,11738007.0,231.64,,2729394.0,-385070.0,1.75
2012-11-01,7082.0,,97.91,,231.25,,,,1.65
2012-12-01,7106.0,,98.19,,231.22,,,,1.72
2013-01-01,7083.0,16569591.0,98.17,11814326.0,231.68,,2782635.0,-381192.0,1.91
2013-02-01,7145.0,,98.64,,232.94,,,,1.98
2013-03-01,7214.0,,99.05,,232.28,,,,1.96
2013-04-01,7374.0,16637926.0,98.94,11848089.0,231.8,,2811721.0,-376726.0,1.76
2013-05-01,7326.0,,99.04,,231.89,,,,1.93
2013-06-01,7277.0,,99.22,,232.45,,,,2.3
2013-07-01,7522.0,16848748.0,98.9,11896258.0,232.9,,2863364.0,-352464.0,2.58
2013-08-01,7534.0,,99.49,,233.46,,,,2.74
2013-09-01,7838.0,,100.02,,233.54,,,,2.81
2013-10-01,7760.0,17083136.0,99.9,12001027.0,233.67,,2910211.0,-294365.0,2.62
2013-11-01,7919.0,,100.16,,234.1,,,,2.72
2013-12-01,7932.0,,100.37,,234.72,,,,2.9
2014-01-01,8072.0,17104556.0,99.99,12044203.0,235.29,,2946011.0,-371640.0,2.86
2014-02-01,8149.0,,100.75,,235.55,,,,2.71
2014-03-01,8291.0,,101.74,,236.03,,,,2.72
2014-04-01,8520.0,17432908.0,101.83,12159899.0,236.47,,3032651.0,-345269.0,2.71
2014-05-01,8636.0,,102.24,,236.92,,,,2.56
2014-06-01,8734.0,,102.58,,237.23,,,,2.6
2014-07-01,8837.0,17721656.0,102.8,12280086.0,237.5,111.3,3094489.0,-356020.0,2.54
2014-08-01,8920.0,,102.63,,237.46,111.3,,,2.42
2014-09-01,9070.0,,102.94,,237.48,111.1,,,2.53
2014-10-01,9250.0,17849912.0,102.96,12421595.0,237.43,111.3,3137275.0,-427466.0,2.3
2014-11-01,9307.0,,103.6,,236.98,111.1,,,2.33
2014-12-01,9546.0,,103.62,,236.25,110.8,,,2.21
2015-01-01,9375.0,17984178.0,102.79,12516902.0,234.75,110.1,3150326.0,-418937.0,1.88
2015-02-01,9496.0,,102.14,,235.34,109.6,,,1.98
2015-03-01,9575.0,,101.79,,235.98,109.8,,,2.04
2015-04-01,9648.0,18219404.0,101.23,12603053.0,236.22,109.6,3184460.0,-405373.0,1.94
2015-05-01,9463.0,,100.77,,237.0,110.0,,,2.2
2015-06-01,9348.0,,100.46,,237.66,110.3,,,2.36
2015-07-01,9433.0,18347424.0,101.09,12691790.0,238.03,110.5,3220257.0,-454184.0,2.32
2015-08-01,9398.0,,100.92,,238.03,110.3,,,2.17
2015-09-01,9469.0,,100.63,,237.5,109.9,,,2.17
2015-10-01,9392.0,18378804.0,100.16,12743411.0,237.73,109.6,3219485.0,-413806.0,2.07
2015-11-01,9326.0,,99.44,,238.02,109.7,,,2.26
2015-12-01,9268.0,,98.95,,237.76,109.6,,,2.24
2016-01-01,9204.0,18470156.0,99.44,12839618.0,237.65,110.0,3243156.0,-428143.0,2.09
2016-02-01,9064.0,,98.92,,237.34,109.7,,,1.78
2016-03-01,9106.0,,98.16,,238.08,109.7,,,1.89
2016-04-01,8878.0,18656208.0,98.48,12903306.0,238.99,109.9,3267121.0,-397207.0,1.81
2016-05-01,8837.0,,98.25,,239.56,110.1,,,1.81
2016-06-01,8678.0,,98.73,,240.22,110.6,,,1.64
2016-07-01,8667.0,18775460.0,98.85,12993064.0,240.1,110.5,3303627.0,-392808.0,1.5
2016-08-01,8692.0,,98.74,,240.54,110.3,,,1.56
2016-09-01,8545.0,,98.66,,241.18,110.6,,,1.63
2016-10-01,8807.0,18968040.0,98.72,13060061.0,241.74,110.9,3333741.0,-387256.0,1.76
2016-11-01,8906.0,,98.34,,242.03,111.1,,,2.14
2016-12-01,8818.0,,99.04,,242.64,111.4,,,2.49
2017-01-01,8873.0,19153912.0,98.82,13160475.0,243.62,111.9,3376900.0,-359156.0,2.43
2017-02-01,9111.0,,98.44,,244.01,111.9,,,2.42
2017-03-01,9167.0,,99.05,,243.89,112.1,,,2.48
2017-04-01,9102.0,19322920.0,100.04,13225743.0,244.19,112.6,3410548.0,-428217.0,2.3
2017-05-01,9187.0,,100.13,,244.0,112.5,,,2.3
2017-06-01,9111.0,,100.34,,244.16,112.6,,,2.19
2017-07-01,9247.0,19561896.0,100.09,13315382.0,244.24,112.7,3436561.0,-349685.0,2.32
2017-08-01,9248.0,,99.63,,245.18,113.1,,,2.21
2017-09-01,9514.0,,99.75,,246.43,113.5,,,2.2
2017-10-01,9668.0,19894750.0,100.99,13460902.0,246.63,113.9,3515953.0,-374924.0,2.36
2017-11-01,10086.0,,101.25,,247.28,114.3,,,2.35
2017-12-01,9987.0,,101.49,,247.8,114.4,,,2.4
2018-01-01,10002.0,20155486.0,101.49,13558373.0,248.86,114.8,3576791.0,-391861.0,2.58
2018-02-01,10281.0,,101.73,,249.53,115.1,,,2.86
2018-03-01,10467.0,,102.19,,249.58,115.3,,,2.84
2018-04-01,10495.0,20470196.0,103.36,13630967.0,250.2,115.5,3613793.0,-376660.0,2.87
2018-05-01,10432.0,,102.38,,250.8,115.9,,,2.98
2018-06-01,10640.0,,103.23,,251.0,116.3,,,2.91
2018-07-01,10901.0,20798730.0,103.36,13693790.0,251.2,116.4,3623466.0,-484545.0,2.89
2018-08-01,11394.0,,104.06,,251.7,116.5,,,2.89
2018-09-01,11446.0,,104.1,,252.2,116.7,,,3.0
2018-10-01,11516.0,20917868.0,103.93,13736572.0,252.8,117.5,3632827.0,-511567.0,3.15
2018-11-01,11911.0,,104.01,,252.6,117.4,,,3.12
2018-12-01,11985.0,,104.05,,252.8,117.4,,,2.83
2019-01-01,11873.0,21104132.0,103.36,13758331.0,252.6,117.0,3643127.0,-463237.0,2.71
2019-02-01,11672.0,,102.83,,253.3,117.2,,,2.68
2019-03-01,11910.0,,102.84,,254.3,117.6,,,2.57
2019-04-01,12143.0,21384776.0,102.27,13875705.0,255.2,118.2,3710747.0,-477302.0,2.53
2019-05-01,12153.0,,102.42,,255.3,118.3,,,2.4
2019-06-01,12221.0,,102.54,,255.2,118.2,,,2.07
2019-07-01,11902.0,21717172.0,102.01,14033222.0,255.8,118.4,3750143.0,-446485.0,2.06
2019-08-01,12485.0,,102.78,,256.0,118.6,,,1.63
2019-09-01,12589.0,,102.46,,256.4,118.3,,,1.7
2019-10-01,12806.0,21933216.0,101.59,14125274.0,257.2,118.7,3739506.0,-402020.0,1.71
2019-11-01,12994.0,,102.15,,257.9,118.6,,,1.81
2019-12-01,12980.0,,101.94,,258.6,119.0,,,1.86
2020-01-01,12851.0,21727656.0,101.34,13885947.0,258.9,119.3,3711281.0,-390315.0,1.76
2020-02-01,12844.0,,101.67,,259.2,118.6,,,1.5
2020-03-01,12796.0,,97.61,,258.1,118.0,,,0.87
2020-04-01,11911.0,19935444.0,84.68,12671879.0,256.1,116.6,3420572.0,-518461.0,0.66
2020-05-01,9714.0,,86.01,,255.8,117.2,,,0.67
2020-06-01,10446.0,,91.67,,257.0,117.5,,,0.73
2020-07-01,11008.0,21684552.0,95.0,13813007.0,258.4,118.2,3643293.0,-655885.0,0.62
2020-08-01,10585.0,,95.93,,259.4,118.4,,,0.65
2020-09-01,10934.0,,95.89,,260.0,118.7,,,0.68
2020-10-01,10469.0,22068768.0,96.53,14008054.0,260.2,119.4,3780908.0,-726859.0,0.79
2020-11-01,11210.0,,96.95,,260.9,119.5,,,0.87
2020-12-01,11179.0,,98.2,,262.0,120.0,,,0.93
2021-01-01,11152.0,22656792.0,98.81,14328593.0,262.5,121.3,3867147.0,-779126.0,1.08
2021-02-01,9938.0,,95.51,,263.6,122.0,,,1.26
2021-03-01,11372.0,,98.19,,264.9,122.8,,,1.61
2021-04-01,11353.0,23368860.0,98.33,14809081.0,266.8,124.1,3919517.0,-862052.0,1.64
2021-05-01,11423.0,,99.19,,268.5,125.2,,,1.62
2021-06-01,11394.0,,99.65,,270.7,126.2,,,1.52
2021-07-01,11416.0,23921992.0,100.07,14924311.0,272.0,127.45,3898499.0,-945104.0,1.32
2021-08-01,11314.0,,100.04,,272.8,128.61,,,1.28
2021-09-01,10957.0,,99.0,,273.9,129.21,,,1.37
2021-10-01,11637.0,24777038.0,100.35,15086943.0,276.4,130.03,3926381.0,-931247.0,1.58
2021-11-01,11867.0,,101.27,,278.8,131.45,,,1.56
2021-12-01,11752.0,,101.19,,280.8,132.24,,,1.47
2022-01-01,11442.0,25215492.0,101.21,15123357.0,282.4,133.65,4006834.0,-1139579.0,1.76
2022-02-01,11467.0,,101.85,,284.5,134.88,,,1.93
2022-03-01,11875.0,,102.67,,287.6,137.04,,,2.13
2022-04-01,11812.0,25805792.0,102.9,15219860.0,288.8,137.85,4026425.0,-1065386.0,2.75
2022-05-01,11742.0,,102.97,,291.4,138.9,,,2.9
2022-06-01,11913.0,,102.82,,295.0,140.16,,,3.14
2022-07-01,11992.0,26272012.0,103.05,15277569.0,295.0,139.76,4008246.0,-959809.0,2.9
2022-08-01,12123.0,,103.17,,295.2,139.79,,,2.9
2022-09-01,12439.0,,103.53,,296.3,140.19,,,3.52
2022-10-01,12431.0,26734276.0,103.44,15323980.0,297.9,140.64,3988672.0,-918981.0,3.98
2022-11-01,12467.0,,103.11,,298.6,141.18,,,3.89
2022-12-01,12175.0,,101.83,,298.8,140.72,,,3.62
2023-01-01,12611.0,27164360.0,102.75,15510201.0,300.4,141.33,4018826.0,-929295.0,3.53
2023-02-01,12590.0,,102.8,,301.5,141.29,,,3.75
2023-03-01,12815.0,,102.81,,301.7,140.75,,,3.66
2023-04-01,12680.0,27453816.0,103.22,15548526.0,303.0,141.02,4102957.0,-917605.0,3.46
2023-05-01,12730.0,,102.98,,303.4,140.54,,,3.57
2023-06-01,12866.0,,102.38,,304.0,140.42,,,3.75
2023-07-01,12935.0,27967696.0,103.07,15646695.0,304.6,140.98,4128905.0,-916312.0,3.9
2023-08-01,13047.0,,103.1,,306.2,142.03,,,4.17
2023-09-01,13177.0,,103.31,,307.3,143.21,,,4.38
2023-10-01,13149.0,28296968.0,102.58,15781367.0,307.5,142.54,4164941.0,-900327.0,4.8
2023-11-01,13281.0,,102.89,,308.0,142.37,,,4.5
2023-12-01,13308.0,,102.63,,308.7,142.06,,,4.02
2024-01-01,12554.0,28624068.0,101.48,15856867.0,309.7,142.49,4231417.0,-972742.0,4.06
2024-02-01,13102.0,,102.73,,311.1,143.43,,,4.21
2024-03-01,13171.0,,102.52,,312.2,143.69,,,4.21
2024-04-01,13249.0,29016714.0,102.36,15967266.0,313.2,144.06,4255749.0,-1061336.0,4.54
2024-05-01,13201.0,,102.98,,313.2,143.82,,,4.48
2024-06-01,13240.0,,103.25,,313.0,144.4,,,4.31
2024-07-01,13192.0,29374914.0,102.52,16113035.0,313.5,144.67,4277732.0,-1210094.0,4.25
2024-08-01,13364.0,,103.02,,314.1,144.85,,,3.87
2024-09-01,13185.0,,102.6,,314.7,145.17,,,3.72
2024-10-01,13450.0,29723864.0,102.27,16273191.0,315.5,145.62,4265880.0,-1106398.0,4.1
2024-11-01,13396.0,,102.02,,316.4,146.49,,,4.36
2024-12-01,13491.0,,103.17,,317.7,146.84,,,4.39
2025-01-01,13431.0,,103.43,,319.1,147.72,,,4.63
2025-02-01,,,104.21,,319.8,147.95,,,4.45
2025-03-01,,,,,319.6,147.46,,,4.28
