Date,OILPRODUS,GDPUS,IPUS,RPRCUS,CPIUS,RGFCFUS,CAUS,Y10YDUS
2002-01-01,5848.0,10788952.0,88.46,9549516.0,177.7,2189057.0,-404443.0,5.04
2002-02-01,5871.0,10823703.666666666,88.46,9565617.333333334,178.0,2188256.6666666665,-421766.6666666667,4.91
2002-03-01,5883.0,10858455.333333334,89.13,9581718.666666666,178.5,2187456.3333333335,-439090.3333333333,5.28
2002-04-01,5859.0,10893207.0,89.55,9597820.0,179.3,2186656.0,-456414.0,5.21
2002-05-01,5924.0,10926155.0,89.93,9620209.333333334,179.5,2185591.0,-458175.0,5.16
2002-06-01,5915.0,10959103.0,90.67,9642598.666666666,179.6,2184526.0,-459936.0,4.93
2002-07-01,5770.0,10992051.0,90.64,9664988.0,180.0,2183461.0,-461697.0,4.65
2002-08-01,5811.0,11018521.666666666,90.55,9682907.0,180.5,2180406.0,-474201.3333333333,4.26
2002-09-01,5411.0,11044992.333333334,90.64,9700826.0,180.8,2177351.0,-486705.6666666667,3.87
2002-10-01,5363.0,11071463.0,90.4,9718745.0,181.2,2174296.0,-499210.0,3.94
2002-11-01,5597.0,11108811.0,90.89,9734702.0,181.5,2180874.0,-514935.6666666667,4.05
2002-12-01,5699.0,11146159.0,90.39,9750659.0,181.8,2187452.0,-530661.3333333334,4.03
2003-01-01,5785.0,11183507.0,91.14,9766616.0,182.6,2194030.0,-546387.0,4.05
2003-02-01,5791.0,11226629.666666666,91.25,9803891.333333334,183.6,2211611.6666666665,-539604.0,3.9
2003-03-01,5817.0,11269752.333333334,91.0,9841166.666666666,183.9,2229193.3333333335,-532821.0,3.81
2003-04-01,5774.0,11312875.0,90.43,9878442.0,183.2,2246775.0,-526038.0,3.96
2003-05-01,5733.0,11397692.0,90.4,9925002.0,182.9,2271092.0,-526242.3333333334,3.57
2003-06-01,5701.0,11482509.0,90.52,9971562.0,183.1,2295409.0,-526446.6666666666,3.33
2003-07-01,5526.0,11567326.0,90.99,10018122.0,183.7,2319726.0,-526651.0,3.98
2003-08-01,5595.0,11634642.333333334,90.79,10041112.0,184.5,2333772.3333333335,-521588.3333333333,4.45
2003-09-01,5683.0,11701958.666666666,91.38,10064102.0,185.1,2347818.6666666665,-516525.6666666667,4.27
2003-10-01,5635.0,11769275.0,91.5,10087092.0,184.9,2361865.0,-511463.0,4.29
2003-11-01,5560.0,11819573.0,92.13,10118441.666666666,185.0,2359715.3333333335,-523955.0,4.3
2003-12-01,5579.0,11869871.0,92.17,10149791.333333334,185.5,2357565.6666666665,-536447.0,4.27
2004-01-01,5570.0,11920169.0,92.33,10181141.0,186.3,2355416.0,-548939.0,4.15
2004-02-01,5556.0,11983108.333333334,92.9,10199658.666666666,186.7,2376865.0,-574128.6666666666,4.08
2004-03-01,5607.0,12046047.666666666,92.54,10218176.333333334,187.1,2398314.0,-599318.3333333334,3.83
2004-04-01,5526.0,12108987.0,92.9,10236694.0,187.4,2419763.0,-624508.0,4.35
2004-05-01,5548.0,12173771.333333334,93.58,10276774.666666666,188.2,2436919.3333333335,-632771.6666666666,4.72
2004-06-01,5398.0,12238555.666666666,92.87,10316855.333333334,188.9,2454075.6666666665,-641035.3333333334,4.73
2004-07-01,5458.0,12303340.0,93.55,10356936.0,189.1,2471232.0,-649299.0,4.5
2004-08-01,5333.0,12376368.333333334,93.63,10395985.333333334,189.2,2486241.6666666665,-675640.0,4.28
2004-09-01,5062.0,12449396.666666666,93.74,10435034.666666666,189.8,2501251.3333333335,-701981.0,4.13
2004-10-01,5156.0,12522425.0,94.57,10474084.0,190.8,2516261.0,-728322.0,4.1
2004-11-01,5396.0,12602062.333333334,94.8,10496268.666666666,191.7,2530969.0,-715130.3333333334,4.19
2004-12-01,5413.0,12681699.666666666,95.54,10518453.333333334,191.7,2545677.0,-701938.6666666666,4.23
2005-01-01,5446.0,12761337.0,95.88,10540638.0,191.6,2560385.0,-688747.0,4.22
2005-02-01,5501.0,12810898.666666666,96.57,10579575.0,192.4,2574855.0,-699891.6666666666,4.17
2005-03-01,5601.0,12860460.333333334,96.43,10618512.0,193.1,2589325.0,-711036.3333333334,4.5
2005-04-01,5563.0,12910022.0,96.63,10657449.0,193.7,2603795.0,-722181.0,4.34
2005-05-01,5596.0,12987639.0,96.73,10686923.666666666,193.6,2618973.3333333335,-733013.0,4.14
2005-06-01,5442.0,13065256.0,97.15,10716398.333333334,193.7,2634151.6666666665,-743845.0,4.0
2005-07-01,5253.0,13142873.0,96.84,10745873.0,194.9,2649330.0,-754677.0,4.18
2005-08-01,5198.0,13206020.666666666,97.16,10752475.333333334,196.1,2653293.6666666665,-782818.3333333334,4.26
2005-09-01,4214.0,13269168.333333334,95.28,10759077.666666666,198.8,2657257.3333333335,-810959.6666666666,4.2
2005-10-01,4555.0,13332316.0,96.44,10765680.0,199.1,2661221.0,-839101.0,4.46
2005-11-01,4857.0,13422855.0,97.5,10804811.666666666,198.1,2677885.3333333335,-826652.3333333334,4.54
2005-12-01,4988.0,13513394.0,97.97,10843943.333333334,198.1,2694549.6666666665,-814203.6666666666,4.47
2006-01-01,5048.0,13603933.0,98.13,10883075.0,199.3,2711214.0,-801755.0,4.42
2006-02-01,5032.0,13652557.333333334,98.17,10901882.666666666,199.4,2706338.6666666665,-810760.0,4.57
2006-03-01,5027.0,13701181.666666666,98.39,10920690.333333334,199.7,2701463.3333333335,-819765.0,4.72
2006-04-01,5082.0,13749806.0,98.68,10939498.0,200.7,2696588.0,-828770.0,4.99
2006-05-01,5151.0,13789027.0,98.71,10962914.666666666,201.3,2690815.6666666665,-844451.0,5.11
2006-06-01,5163.0,13828248.0,99.04,10986331.333333334,201.8,2685043.3333333335,-860132.0,5.11
2006-07-01,5094.0,13867469.0,98.98,11009748.0,202.9,2679271.0,-875813.0,5.09
2006-08-01,5040.0,13924055.333333334,99.4,11044755.666666666,203.8,2672936.3333333335,-840838.0,4.88
2006-09-01,5031.0,13980641.666666666,99.22,11079763.333333334,202.8,2666601.6666666665,-805863.0,4.72
2006-10-01,5108.0,14037228.0,99.12,11114771.0,201.9,2660267.0,-770888.0,4.73
2006-11-01,5064.0,14094341.666666666,99.1,11137621.666666666,202.0,2702503.6666666665,-782441.0,4.6
2006-12-01,5186.0,14151455.333333334,100.11,11160472.333333334,203.1,2744740.3333333335,-793994.0,4.56
2007-01-01,5108.0,14208569.0,99.75,11183323.0,203.44,2786977.0,-805547.0,4.76
2007-02-01,5118.0,14266500.333333334,100.72,11193105.0,204.23,2791352.3333333335,-796591.0,4.72
2007-03-01,5119.0,14324431.666666666,100.9,11202887.0,205.29,2795727.6666666665,-787635.0,4.56
2007-04-01,5180.0,14382363.0,101.57,11212669.0,205.9,2800103.0,-778679.0,4.69
2007-05-01,5211.0,14433243.0,101.63,11237602.0,206.76,2794774.3333333335,-755438.3333333334,4.75
2007-06-01,5075.0,14484123.0,101.65,11262535.0,207.23,2789445.6666666665,-732197.6666666666,5.1
2007-07-01,5038.0,14535003.0,101.5,11287468.0,207.6,2784117.0,-708957.0,5.0
2007-08-01,4970.0,14583835.666666666,101.69,11302295.0,207.67,2775215.3333333335,-696057.0,4.67
2007-09-01,4902.0,14632668.333333334,101.94,11317122.0,208.55,2766313.6666666665,-683157.0,4.52
2007-10-01,5022.0,14681501.0,101.64,11331949.0,209.19,2757412.0,-670257.0,4.53
2007-11-01,5034.0,14671347.0,102.22,11326769.666666666,210.83,2743166.3333333335,-692022.0,4.15
2007-12-01,5111.0,14661193.0,102.28,11321590.333333334,211.45,2728920.6666666665,-713787.0,4.1
2008-01-01,5115.0,14651039.0,102.15,11316411.0,212.17,2714675.0,-735552.0,3.74
2008-02-01,5148.0,14702563.0,101.78,11326805.666666666,212.69,2707264.3333333335,-734126.6666666666,3.74
2008-03-01,5189.0,14754087.0,101.45,11337200.333333334,213.45,2699853.6666666665,-732701.3333333334,3.51
2008-04-01,5180.0,14805611.0,100.76,11347595.0,213.94,2692443.0,-731276.0,3.68
2008-05-01,5143.0,14815469.666666666,100.13,11318442.0,215.21,2669752.6666666665,-727192.3333333334,3.88
2008-06-01,5138.0,14825328.333333334,99.87,11289289.0,217.46,2647062.3333333335,-723108.6666666666,4.1
2008-07-01,5177.0,14835187.0,99.42,11260136.0,219.02,2624372.0,-719025.0,4.01
2008-08-01,5003.0,14743305.666666666,97.85,11226357.666666666,218.69,2566612.3333333335,-689709.6666666666,3.89
2008-09-01,3974.0,14651424.333333334,93.56,11192579.333333334,218.88,2508852.6666666665,-660394.3333333334,3.69
2008-10-01,4738.0,14559543.0,94.5,11158801.0,216.99,2451093.0,-631079.0,3.81
2008-11-01,5078.0,14504544.333333334,93.26,11149355.333333334,213.15,2386129.3333333335,-555115.6666666666,3.53
2008-12-01,5103.0,14449545.666666666,90.63,11139909.666666666,211.4,2321165.6666666665,-479152.3333333334,2.42
2009-01-01,5144.0,14394547.0,88.37,11130464.0,211.93,2256202.0,-403189.0,2.52
2009-02-01,5239.0,14380648.0,87.84,11112225.333333334,212.71,2228941.6666666665,-386962.0,2.87
2009-03-01,5219.0,14366749.0,86.47,11093986.666666666,212.49,2201681.3333333335,-370735.0,2.82
2009-04-01,5278.0,14352850.0,85.79,11075748.0,212.71,2174421.0,-354508.0,2.93
2009-05-01,5377.0,14375337.333333334,84.94,11100575.333333334,213.02,2177110.3333333335,-358550.3333333333,3.29
2009-06-01,5269.0,14397824.666666666,84.67,11125402.666666666,214.79,2179799.6666666665,-362592.6666666667,3.72
2009-07-01,5398.0,14420312.0,85.69,11150230.0,214.73,2182489.0,-366635.0,3.56
2009-08-01,5418.0,14489548.333333334,86.64,11146135.333333334,215.45,2186154.0,-380455.6666666667,3.59
2009-09-01,5559.0,14558784.666666666,87.38,11142040.666666666,215.86,2189819.0,-394276.3333333333,3.4
2009-10-01,5524.0,14628021.0,87.58,11137946.0,216.51,2193484.0,-408097.0,3.39
2009-11-01,5395.0,14659130.666666666,87.94,11159462.333333334,217.23,2193218.0,-412583.0,3.4
2009-12-01,5452.0,14690240.333333334,88.24,11180978.666666666,217.35,2192952.0,-417069.0,3.59
2010-01-01,5404.0,14721350.0,89.19,11202495.0,217.49,2192686.0,-421555.0,3.73
2010-02-01,5553.0,14789599.333333334,89.5,11235981.666666666,217.28,2219359.6666666665,-429081.6666666667,3.69
2010-03-01,5515.0,14857848.666666666,90.14,11269468.333333334,217.35,2246033.3333333335,-436608.3333333333,3.73
2010-04-01,5392.0,14926098.0,90.46,11302955.0,217.4,2272707.0,-444135.0,3.85
2010-05-01,5401.0,14977371.0,91.7,11329835.333333334,217.29,2276872.6666666665,-453655.0,3.42
2010-06-01,5380.0,15028644.0,91.9,11356715.666666666,217.2,2281038.3333333335,-463175.0,3.2
2010-07-01,5298.0,15079917.0,92.25,11383596.0,217.6,2285204.0,-472695.0,3.01
2010-08-01,5447.0,15133559.0,92.59,11406853.333333334,217.92,2299746.3333333335,-455382.6666666667,2.7
2010-09-01,5616.0,15187201.0,92.85,11430110.666666666,218.27,2314288.6666666665,-438070.3333333333,2.65
2010-10-01,5631.0,15240843.0,92.6,11453368.0,219.04,2328831.0,-420758.0,2.54
2010-11-01,5576.0,15255838.0,92.67,11467952.0,219.59,2327639.6666666665,-439380.3333333333,2.76
2010-12-01,5607.0,15270833.0,93.59,11482536.0,220.47,2326448.3333333335,-458002.6666666667,3.29
2011-01-01,5497.0,15285828.0,93.39,11497120.0,221.19,2325257.0,-476625.0,3.39
2011-02-01,5406.0,15355948.333333334,93.0,11501063.333333334,221.9,2343512.0,-477064.0,3.58
2011-03-01,5618.0,15426068.666666666,93.97,11505006.666666666,223.05,2361767.0,-477503.0,3.41
2011-04-01,5562.0,15496189.0,93.66,11508950.0,224.09,2380022.0,-477942.0,3.46
2011-05-01,5625.0,15528076.0,93.77,11520625.0,224.81,2413481.6666666665,-464094.0,3.17
2011-06-01,5589.0,15559963.0,94.05,11532300.0,224.81,2446941.3333333335,-450246.0,3.0
2011-07-01,5440.0,15591850.0,94.5,11543975.0,225.4,2480401.0,-436398.0,3.0
2011-08-01,5665.0,15660053.333333334,95.1,11550613.333333334,226.11,2501678.6666666665,-441058.0,2.3
2011-09-01,5614.0,15728256.666666666,95.02,11557251.666666666,226.6,2522956.3333333335,-445718.0,1.98
2011-10-01,5902.0,15796460.0,95.69,11563890.0,226.75,2544234.0,-450378.0,2.15
2011-11-01,6039.0,15870892.666666666,95.68,11591692.333333334,227.17,2570825.3333333335,-456004.3333333333,2.01
2011-12-01,6112.0,15945325.333333334,96.18,11619494.666666666,227.22,2597416.6666666665,-461630.6666666667,1.98
2012-01-01,6177.0,16019758.0,96.76,11647297.0,227.84,2624008.0,-467257.0,1.97
2012-02-01,6268.0,16063924.333333334,97.07,11654115.666666666,228.33,2641745.3333333335,-460086.0,1.97
2012-03-01,6327.0,16108090.666666666,96.56,11660934.333333334,228.81,2659482.6666666665,-452915.0,2.17
2012-04-01,6320.0,16152257.0,97.25,11667753.0,229.19,2677220.0,-445744.0,2.05
2012-05-01,6370.0,16187221.666666666,97.46,11675640.0,228.71,2678576.0,-429809.3333333333,1.8
2012-06-01,6275.0,16222186.333333334,97.48,11683527.0,228.52,2679932.0,-413874.6666666667,1.62
2012-07-01,6431.0,16257151.0,97.67,11691414.0,228.59,2681288.0,-397940.0,1.53
2012-08-01,6351.0,16291055.0,97.27,11706945.0,229.92,2697323.3333333335,-393650.0,1.68
2012-09-01,6598.0,16324959.0,97.22,11722476.0,231.01,2713358.6666666665,-389360.0,1.72
2012-10-01,6970.0,16358863.0,97.53,11738007.0,231.64,2729394.0,-385070.0,1.75
2012-11-01,7082.0,16429105.666666666,97.91,11763446.666666666,231.25,2747141.0,-383777.3333333333,1.65
2012-12-01,7106.0,16499348.333333334,98.19,11788886.333333334,231.22,2764888.0,-382484.6666666667,1.72
2013-01-01,7083.0,16569591.0,98.17,11814326.0,231.68,2782635.0,-381192.0,1.91
2013-02-01,7145.0,16592369.333333334,98.64,11825580.333333334,232.94,2792330.3333333335,-379703.3333333333,1.98
2013-03-01,7214.0,16615147.666666666,99.05,11836834.666666666,232.28,2802025.6666666665,-378214.6666666667,1.96
2013-04-01,7374.0,16637926.0,98.94,11848089.0,231.8,2811721.0,-376726.0,1.76
2013-05-01,7326.0,16708200.0,99.04,11864145.333333334,231.89,2828935.3333333335,-368638.6666666667,1.93
2013-06-01,7277.0,16778474.0,99.22,11880201.666666666,232.45,2846149.6666666665,-360551.3333333333,2.3
2013-07-01,7522.0,16848748.0,98.9,11896258.0,232.9,2863364.0,-352464.0,2.58
2013-08-01,7534.0,16926877.333333332,99.49,11931181.0,233.46,2878979.6666666665,-333097.6666666667,2.74
2013-09-01,7838.0,17005006.666666668,100.02,11966104.0,233.54,2894595.3333333335,-313731.3333333333,2.81
2013-10-01,7760.0,17083136.0,99.9,12001027.0,233.67,2910211.0,-294365.0,2.62
2013-11-01,7919.0,17090276.0,100.16,12015419.0,234.1,2922144.3333333335,-320123.3333333333,2.72
2013-12-01,7932.0,17097416.0,100.37,12029811.0,234.72,2934077.6666666665,-345881.6666666667,2.9
2014-01-01,8072.0,17104556.0,99.99,12044203.0,235.29,2946011.0,-371640.0,2.86
2014-02-01,8149.0,17214006.666666668,100.75,12082768.333333334,235.55,2974891.0,-362849.6666666667,2.71
2014-03-01,8291.0,17323457.333333332,101.74,12121333.666666666,236.03,3003771.0,-354059.3333333333,2.72
2014-04-01,8520.0,17432908.0,101.83,12159899.0,236.47,3032651.0,-345269.0,2.71
2014-05-01,8636.0,17529157.333333332,102.24,12199961.333333334,236.92,3053263.6666666665,-348852.6666666667,2.56
2014-06-01,8734.0,17625406.666666668,102.58,12240023.666666666,237.23,3073876.3333333335,-352436.3333333333,2.6
2014-07-01,8837.0,17721656.0,102.8,12280086.0,237.5,3094489.0,-356020.0,2.54
2014-08-01,8920.0,17764408.0,102.63,12327255.666666666,237.46,3108751.0,-379835.3333333333,2.42
2014-09-01,9070.0,17807160.0,102.94,12374425.333333334,237.48,3123013.0,-403650.6666666667,2.53
2014-10-01,9250.0,17849912.0,102.96,12421595.0,237.43,3137275.0,-427466.0,2.3
2014-11-01,9307.0,17894667.333333332,103.6,12453364.0,236.98,3141625.3333333335,-424623.0,2.33
2014-12-01,9546.0,17939422.666666668,103.62,12485133.0,236.25,3145975.6666666665,-421780.0,2.21
2015-01-01,9375.0,17984178.0,102.79,12516902.0,234.75,3150326.0,-418937.0,1.88
2015-02-01,9496.0,18062586.666666668,102.14,12545619.0,235.34,3161704.0,-414415.6666666667,1.98
2015-03-01,9575.0,18140995.333333332,101.79,12574336.0,235.98,3173082.0,-409894.3333333333,2.04
2015-04-01,9648.0,18219404.0,101.23,12603053.0,236.22,3184460.0,-405373.0,1.94
2015-05-01,9463.0,18262077.333333332,100.77,12632632.0,237.0,3196392.3333333335,-421643.3333333333,2.2
2015-06-01,9348.0,18304750.666666668,100.46,12662211.0,237.66,3208324.6666666665,-437913.6666666667,2.36
2015-07-01,9433.0,18347424.0,101.09,12691790.0,238.03,3220257.0,-454184.0,2.32
2015-08-01,9398.0,18357884.0,100.92,12708997.0,238.03,3219999.6666666665,-440724.6666666667,2.17
2015-09-01,9469.0,18368344.0,100.63,12726204.0,237.5,3219742.3333333335,-427265.3333333333,2.17
2015-10-01,9392.0,18378804.0,100.16,12743411.0,237.73,3219485.0,-413806.0,2.07
2015-11-01,9326.0,18409254.666666668,99.44,12775480.0,238.02,3227375.3333333335,-418585.0,2.26
2015-12-01,9268.0,18439705.333333332,98.95,12807549.0,237.76,3235265.6666666665,-423364.0,2.24
2016-01-01,9204.0,18470156.0,99.44,12839618.0,237.65,3243156.0,-428143.0,2.09
2016-02-01,9064.0,18532173.333333332,98.92,12860847.333333334,237.34,3251144.3333333335,-417831.0,1.78
2016-03-01,9106.0,18594190.666666668,98.16,12882076.666666666,238.08,3259132.6666666665,-407519.0,1.89
2016-04-01,8878.0,18656208.0,98.48,12903306.0,238.99,3267121.0,-397207.0,1.81
2016-05-01,8837.0,18695958.666666668,98.25,12933225.333333334,239.56,3279289.6666666665,-395740.6666666667,1.81
2016-06-01,8678.0,18735709.333333332,98.73,12963144.666666666,240.22,3291458.3333333335,-394274.3333333333,1.64
2016-07-01,8667.0,18775460.0,98.85,12993064.0,240.1,3303627.0,-392808.0,1.5
2016-08-01,8692.0,18839653.333333332,98.74,13015396.333333334,240.54,3313665.0,-390957.3333333333,1.56
2016-09-01,8545.0,18903846.666666668,98.66,13037728.666666666,241.18,3323703.0,-389106.6666666667,1.63
2016-10-01,8807.0,18968040.0,98.72,13060061.0,241.74,3333741.0,-387256.0,1.76
2016-11-01,8906.0,19029997.333333332,98.34,13093532.333333334,242.03,3348127.3333333335,-377889.3333333333,2.14
2016-12-01,8818.0,19091954.666666668,99.04,13127003.666666666,242.64,3362513.6666666665,-368522.6666666667,2.49
2017-01-01,8873.0,19153912.0,98.82,13160475.0,243.62,3376900.0,-359156.0,2.43
2017-02-01,9111.0,19210248.0,98.44,13182231.0,244.01,3388116.0,-382176.3333333333,2.42
2017-03-01,9167.0,19266584.0,99.05,13203987.0,243.89,3399332.0,-405196.6666666667,2.48
2017-04-01,9102.0,19322920.0,100.04,13225743.0,244.19,3410548.0,-428217.0,2.3
2017-05-01,9187.0,19402578.666666668,100.13,13255622.666666666,244.0,3419219.0,-402039.6666666667,2.3
2017-06-01,9111.0,19482237.333333332,100.34,13285502.333333334,244.16,3427890.0,-375862.3333333333,2.19
2017-07-01,9247.0,19561896.0,100.09,13315382.0,244.24,3436561.0,-349685.0,2.32
2017-08-01,9248.0,19672847.333333332,99.63,13363888.666666666,245.18,3463025.0,-358098.0,2.21
2017-09-01,9514.0,19783798.666666668,99.75,13412395.333333334,246.43,3489489.0,-366511.0,2.2
2017-10-01,9668.0,19894750.0,100.99,13460902.0,246.63,3515953.0,-374924.0,2.36
2017-11-01,10086.0,19981662.0,101.25,13493392.333333334,247.28,3536232.3333333335,-380569.6666666667,2.35
2017-12-01,9987.0,20068574.0,101.49,13525882.666666666,247.8,3556511.6666666665,-386215.3333333333,2.4
2018-01-01,10002.0,20155486.0,101.49,13558373.0,248.86,3576791.0,-391861.0,2.58
2018-02-01,10281.0,20260389.333333332,101.73,13582571.0,249.53,3589125.0,-386794.0,2.86
2018-03-01,10467.0,20365292.666666668,102.19,13606769.0,249.58,3601459.0,-381727.0,2.84
2018-04-01,10495.0,20470196.0,103.36,13630967.0,250.2,3613793.0,-376660.0,2.87
2018-05-01,10432.0,20579707.333333332,102.38,13651908.0,250.8,3617017.3333333335,-412621.6666666667,2.98
2018-06-01,10640.0,20689218.666666668,103.23,13672849.0,251.0,3620241.6666666665,-448583.3333333333,2.91
2018-07-01,10901.0,20798730.0,103.36,13693790.0,251.2,3623466.0,-484545.0,2.89
2018-08-01,11394.0,20838442.666666668,104.06,13708050.666666666,251.7,3626586.3333333335,-493552.3333333333,2.89
2018-09-01,11446.0,20878155.333333332,104.1,13722311.333333334,252.2,3629706.6666666665,-502559.6666666667,3.0
2018-10-01,11516.0,20917868.0,103.93,13736572.0,252.8,3632827.0,-511567.0,3.15
2018-11-01,11911.0,20979956.0,104.01,13743825.0,252.6,3636260.3333333335,-495457.0,3.12
2018-12-01,11985.0,21042044.0,104.05,13751078.0,252.8,3639693.6666666665,-479347.0,2.83
2019-01-01,11873.0,21104132.0,103.36,13758331.0,252.6,3643127.0,-463237.0,2.71
2019-02-01,11672.0,21197680.0,102.83,13797455.666666666,253.3,3665667.0,-467925.3333333333,2.68
2019-03-01,11910.0,21291228.0,102.84,13836580.333333334,254.3,3688207.0,-472613.6666666667,2.57
2019-04-01,12143.0,21384776.0,102.27,13875705.0,255.2,3710747.0,-477302.0,2.53
2019-05-01,12153.0,21495574.666666668,102.42,13928210.666666666,255.3,3723879.0,-467029.6666666667,2.4
2019-06-01,12221.0,21606373.333333332,102.54,13980716.333333334,255.2,3737011.0,-456757.3333333333,2.07
2019-07-01,11902.0,21717172.0,102.01,14033222.0,255.8,3750143.0,-446485.0,2.06
2019-08-01,12485.0,21789186.666666668,102.78,14063906.0,256.0,3746597.3333333335,-431663.3333333333,1.63
2019-09-01,12589.0,21861201.333333332,102.46,14094590.0,256.4,3743051.6666666665,-416841.6666666667,1.7
2019-10-01,12806.0,21933216.0,101.59,14125274.0,257.2,3739506.0,-402020.0,1.71
2019-11-01,12994.0,21864696.0,102.15,14045498.333333334,257.9,3730097.6666666665,-398118.3333333333,1.81
2019-12-01,12980.0,21796176.0,101.94,13965722.666666666,258.6,3720689.3333333335,-394216.6666666667,1.86
2020-01-01,12851.0,21727656.0,101.34,13885947.0,258.9,3711281.0,-390315.0,1.76
2020-02-01,12844.0,21130252.0,101.67,13481257.666666666,259.2,3614378.0,-433030.3333333333,1.5
2020-03-01,12796.0,20532848.0,97.61,13076568.333333334,258.1,3517475.0,-475745.6666666667,0.87
2020-04-01,11911.0,19935444.0,84.68,12671879.0,256.1,3420572.0,-518461.0,0.66
2020-05-01,9714.0,20518480.0,86.01,13052255.0,255.8,3494812.3333333335,-564269.0,0.67
2020-06-01,10446.0,21101516.0,91.67,13432631.0,257.0,3569052.6666666665,-610077.0,0.73
2020-07-01,11008.0,21684552.0,95.0,13813007.0,258.4,3643293.0,-655885.0,0.62
2020-08-01,10585.0,21812624.0,95.93,13878022.666666666,259.4,3689164.6666666665,-679543.0,0.65
2020-09-01,10934.0,21940696.0,95.89,13943038.333333334,260.0,3735036.3333333335,-703201.0,0.68
2020-10-01,10469.0,22068768.0,96.53,14008054.0,260.2,3780908.0,-726859.0,0.79
2020-11-01,11210.0,22264776.0,96.95,14114900.333333334,260.9,3809654.3333333335,-744281.3333333334,0.87
2020-12-01,11179.0,22460784.0,98.2,14221746.666666666,262.0,3838400.6666666665,-761703.6666666666,0.93
2021-01-01,11152.0,22656792.0,98.81,14328593.0,262.5,3867147.0,-779126.0,1.08
2021-02-01,9938.0,22894148.0,95.51,14488755.666666666,263.6,3884603.6666666665,-806768.0,1.26
2021-03-01,11372.0,23131504.0,98.19,14648918.333333334,264.9,3902060.3333333335,-834410.0,1.61
2021-04-01,11353.0,23368860.0,98.33,14809081.0,266.8,3919517.0,-862052.0,1.64
2021-05-01,11423.0,23553237.333333332,99.19,14847491.0,268.5,3912511.0,-889736.0,1.62
2021-06-01,11394.0,23737614.666666668,99.65,14885901.0,270.7,3905505.0,-917420.0,1.52
2021-07-01,11416.0,23921992.0,100.07,14924311.0,272.0,3898499.0,-945104.0,1.32
2021-08-01,11314.0,24207007.333333332,100.04,14978521.666666666,272.8,3907793.0,-940485.0,1.28
2021-09-01,10957.0,24492022.666666668,99.0,15032732.333333334,273.9,3917087.0,-935866.0,1.37
2021-10-01,11637.0,24777038.0,100.35,15086943.0,276.4,3926381.0,-931247.0,1.58
2021-11-01,11867.0,24923189.333333332,101.27,15099081.0,278.8,3953198.6666666665,-1000691.0,1.56
2021-12-01,11752.0,25069340.666666668,101.19,15111219.0,280.8,3980016.3333333335,-1070135.0,1.47
2022-01-01,11442.0,25215492.0,101.21,15123357.0,282.4,4006834.0,-1139579.0,1.76
2022-02-01,11467.0,25412258.666666668,101.85,15155524.666666666,284.5,4013364.3333333335,-1114848.0,1.93
2022-03-01,11875.0,25609025.333333332,102.67,15187692.333333334,287.6,4019894.6666666665,-1090117.0,2.13
2022-04-01,11812.0,25805792.0,102.9,15219860.0,288.8,4026425.0,-1065386.0,2.75
2022-05-01,11742.0,25961198.666666668,102.97,15239096.333333334,291.4,4020365.3333333335,-1030193.6666666666,2.9
2022-06-01,11913.0,26116605.333333332,102.82,15258332.666666666,295.0,4014305.6666666665,-995001.3333333334,3.14
2022-07-01,11992.0,26272012.0,103.05,15277569.0,295.0,4008246.0,-959809.0,2.9
2022-08-01,12123.0,26426100.0,103.17,15293039.333333334,295.2,4001721.3333333335,-946199.6666666666,2.9
2022-09-01,12439.0,26580188.0,103.53,15308509.666666666,296.3,3995196.6666666665,-932590.3333333334,3.52
2022-10-01,12431.0,26734276.0,103.44,15323980.0,297.9,3988672.0,-918981.0,3.98
2022-11-01,12467.0,26877637.333333332,103.11,15386053.666666666,298.6,3998723.3333333335,-922419.0,3.89
2022-12-01,12175.0,27020998.666666668,101.83,15448127.333333334,298.8,4008774.6666666665,-925857.0,3.62
2023-01-01,12611.0,27164360.0,102.75,15510201.0,300.4,4018826.0,-929295.0,3.53
2023-02-01,12590.0,27260845.333333332,102.8,15522976.0,301.5,4046869.6666666665,-925398.3333333334,3.75
2023-03-01,12815.0,27357330.666666668,102.81,15535751.0,301.7,4074913.3333333335,-921501.6666666666,3.66
2023-04-01,12680.0,27453816.0,103.22,15548526.0,303.0,4102957.0,-917605.0,3.46
2023-05-01,12730.0,27625109.333333332,102.98,15581249.0,303.4,4111606.3333333335,-917174.0,3.57
2023-06-01,12866.0,27796402.666666668,102.38,15613972.0,304.0,4120255.6666666665,-916743.0,3.75
2023-07-01,12935.0,27967696.0,103.07,15646695.0,304.6,4128905.0,-916312.0,3.9
2023-08-01,13047.0,28077453.333333332,103.1,15691585.666666666,306.2,4140917.0,-910983.6666666666,4.17
2023-09-01,13177.0,28187210.666666668,103.31,15736476.333333334,307.3,4152929.0,-905655.3333333334,4.38
2023-10-01,13149.0,28296968.0,102.58,15781367.0,307.5,4164941.0,-900327.0,4.8
2023-11-01,13281.0,28406001.333333332,102.89,15806533.666666666,308.0,4187099.6666666665,-924465.3333333334,4.5
2023-12-01,13308.0,28515034.666666668,102.63,15831700.333333334,308.7,4209258.333333333,-948603.6666666666,4.02
2024-01-01,12554.0,28624068.0,101.48,15856867.0,309.7,4231417.0,-972742.0,4.06
2024-02-01,13102.0,28754950.0,102.73,15893666.666666666,311.1,4239527.666666667,-1002273.3333333334,4.21
2024-03-01,13171.0,28885832.0,102.52,15930466.333333334,312.2,4247638.333333333,-1031804.6666666666,4.21
2024-04-01,13249.0,29016714.0,102.36,15967266.0,313.2,4255749.0,-1061336.0,4.54
2024-05-01,13201.0,29136114.0,102.98,16015855.666666666,313.2,4263076.666666667,-1110922.0,4.48
2024-06-01,13240.0,29255514.0,103.25,16064445.333333334,313.0,4270404.333333333,-1160508.0,4.31
2024-07-01,13192.0,29374914.0,102.52,16113035.0,313.5,4277732.0,-1210094.0,4.25
2024-08-01,13364.0,29491230.666666668,103.02,16166420.333333334,314.1,4273781.333333333,-1175528.6666666667,3.87
2024-09-01,13185.0,29607547.333333332,102.6,16219805.666666666,314.7,4269830.666666667,-1140963.3333333333,3.72
2024-10-01,13450.0,29723864.0,102.21,16273191.0,315.5,4265880.0,-1106398.0,4.1
2024-11-01,13396.0,29808453.333333332,101.95,16289144.333333334,316.4,4292741.0,-1216190.6666666667,4.36
2024-12-01,13491.0,29893042.666666668,103.07,16305097.666666666,317.7,4319602.0,-1325983.3333333333,4.39
2025-01-01,13431.0,29977632.0,103.21,16321051.0,319.1,4346463.0,-1435776.0,4.63
